"Section","ID","Where in the app","Item","Content to review","Source / credit","Verdict (OK / Change / Remove)","Reviewer comment"
"1 Reference values","vent:Tidal volume","Ventilator › Normal values › Settings — adult, lung-protective starting point","Tidal volume","6–8 mL/kg PBW — ARDS 4–6 (start at 6). Always per predicted body weight, never actual weight.","","",""
"1 Reference values","vent:Predicted body weight","Ventilator › Normal values › Settings — adult, lung-protective starting point","Predicted body weight","from height kg — Men 50 + 0.91 × (height cm − 152.4); women 45.5 + 0.91 × (height cm − 152.4). Height, not weight, sets lung size.","","",""
"1 Reference values","vent:Respiratory rate","Ventilator › Normal values › Settings — adult, lung-protective starting point","Respiratory rate","12–20 /min — ARDS up to 35 to hold pH; obstructive disease lower (8–12) to allow exhalation.","","",""
"1 Reference values","vent:Minute ventilation","Ventilator › Normal values › Settings — adult, lung-protective starting point","Minute ventilation","5–8 L/min — ≈ 100 mL/kg PBW/min. Higher needs (sepsis, acidosis) push it up.","","",""
"1 Reference values","vent:PEEP","Ventilator › Normal values › Settings — adult, lung-protective starting point","PEEP","5 cmH₂O — Physiological minimum. ARDS: higher per the PEEP/FiO₂ table (often 8–18).","","",""
"1 Reference values","vent:FiO₂","Ventilator › Normal values › Settings — adult, lung-protective starting point","FiO₂","0.21–1.0 — Start 1.0 after intubation, then the lowest FiO₂ that meets the SpO₂ target; aim < 0.6.","","",""
"1 Reference values","vent:I:E ratio","Ventilator › Normal values › Settings — adult, lung-protective starting point","I:E ratio","1:2 — Obstructive disease 1:3 to 1:5 to give time to exhale.","","",""
"1 Reference values","vent:Inspiratory time","Ventilator › Normal values › Settings — adult, lung-protective starting point","Inspiratory time","0.8–1.2 s","","",""
"1 Reference values","vent:Peak inspiratory flow (VC)","Ventilator › Normal values › Settings — adult, lung-protective starting point","Peak inspiratory flow (VC)","40–60 L/min — Higher (60–80+) in obstruction to shorten inspiration.","","",""
"1 Reference values","vent:Plateau pressure","Ventilator › Normal values › Measured mechanics","Plateau pressure","≤ 30 (ideally < 28) cmH₂O — Alveolar pressure at end-inspiration — needs an inspiratory hold to measure.","","",""
"1 Reference values","vent:Driving pressure (Pplat − PEEP)","Ventilator › Normal values › Measured mechanics","Driving pressure (Pplat − PEEP)","≤ 15 cmH₂O — The strongest single predictor of ventilator-induced lung injury.","","",""
"1 Reference values","vent:Peak inspiratory pressure","Ventilator › Normal values › Measured mechanics","Peak inspiratory pressure","< 35 cmH₂O — PIP − Pplat ≤ 5 is normal; > 10 = high airway resistance (kinked tube, secretions, bronchospasm).","","",""
"1 Reference values","vent:PIP − Pplat","Ventilator › Normal values › Measured mechanics","PIP − Pplat","≤ 5 cmH₂O — Resistive pressure. Rises with airway problems; Pplat rises with lung/chest-wall problems.","","",""
"1 Reference values","vent:Auto-PEEP (intrinsic)","Ventilator › Normal values › Measured mechanics","Auto-PEEP (intrinsic)","0 cmH₂O — Any value means exhalation is not finishing — measure with an expiratory hold.","","",""
"1 Reference values","vent:Static compliance","Ventilator › Normal values › Measured mechanics","Static compliance","50–100 mL/cmH₂O — Vt ÷ (Pplat − PEEP). ARDS, oedema, obesity, pneumothorax often < 40.","","",""
"1 Reference values","vent:Airway resistance","Ventilator › Normal values › Measured mechanics","Airway resistance","5–10 cmH₂O/L/s — Intubated adult (the tube adds resistance). > 15–20 is high.","","",""
"1 Reference values","vent:Time constant τ (R × C)","Ventilator › Normal values › Measured mechanics","Time constant τ (R × C)","≈ 0.5 s — Exhalation needs about 3τ; long τ (obstruction) → air trapping.","","",""
"1 Reference values","vent:SpO₂","Ventilator › Normal values › Gas exchange & monitoring","SpO₂","95–100 (target 92–96) % — Chronic hypercapnia / COPD: 88–92 %.","","",""
"1 Reference values","vent:PaO₂","Ventilator › Normal values › Gas exchange & monitoring","PaO₂","80–100 mmHg — On room air; falls slightly with age. Target on the ventilator ≈ 55–80 (ARDSnet).","","",""
"1 Reference values","vent:P/F ratio (PaO₂ ÷ FiO₂)","Ventilator › Normal values › Gas exchange & monitoring","P/F ratio (PaO₂ ÷ FiO₂)","> 400 — ARDS (Berlin, PEEP ≥ 5): mild 200–300, moderate 100–200, severe ≤ 100.","","",""
"1 Reference values","vent:A–a gradient","Ventilator › Normal values › Gas exchange & monitoring","A–a gradient","< age/4 + 4 mmHg — ≈ 5–15 on room air. Wide gradient = V/Q mismatch, shunt or diffusion problem.","","",""
"1 Reference values","vent:PaCO₂","Ventilator › Normal values › Gas exchange & monitoring","PaCO₂","35–45 mmHg — Set by alveolar ventilation. Permissive hypercapnia is accepted in ARDS if pH ≥ 7.20–7.25.","","",""
"1 Reference values","vent:EtCO₂","Ventilator › Normal values › Gas exchange & monitoring","EtCO₂","35–45 mmHg — Normally 2–5 below PaCO₂; the gap widens with dead space (PE, low cardiac output, over-distension).","","",""
"1 Reference values","vent:pH","Ventilator › Normal values › Gas exchange & monitoring","pH","7.35–7.45","","",""
"1 Reference values","vent:HCO₃⁻","Ventilator › Normal values › Gas exchange & monitoring","HCO₃⁻","22–26 mEq/L","","",""
"1 Reference values","vent:Base excess","Ventilator › Normal values › Gas exchange & monitoring","Base excess","−2 to +2 mEq/L","","",""
"1 Reference values","vent:Dead space (Vd/Vt)","Ventilator › Normal values › Gas exchange & monitoring","Dead space (Vd/Vt)","0.2–0.35 — Rises with PE, low cardiac output, over-distension, high PEEP.","","",""
"1 Reference values","vent:Lactate","Ventilator › Normal values › Gas exchange & monitoring","Lactate","< 2 mmol/L — ≥ 2 in sepsis is abnormal; ≥ 4 with hypotension = septic shock.","","",""
"1 Reference values","vent:SvO₂ / ScvO₂","Ventilator › Normal values › Gas exchange & monitoring","SvO₂ / ScvO₂","65–75 / ≥ 70 % — Low = oxygen delivery not meeting demand.","","",""
"1 Reference values","vent:Mean arterial pressure","Ventilator › Normal values › Gas exchange & monitoring","Mean arterial pressure","≥ 65 mmHg — High PEEP and air trapping lower venous return and MAP.","","",""
"1 Reference values","lines:Systolic","Lines › Normal values › Arterial pressure","Systolic","90–140 mmHg — Radial systolic runs a few to 15 mmHg higher than central aortic (peripheral amplification; less in the elderly).","","",""
"1 Reference values","lines:Diastolic","Lines › Normal values › Arterial pressure","Diastolic","60–90 mmHg","","",""
"1 Reference values","lines:Mean arterial pressure","Lines › Normal values › Arterial pressure","Mean arterial pressure","70–105 (target ≥ 65) mmHg — ≈ diastolic + ⅓ pulse pressure; the monitor integrates the waveform.","","",""
"1 Reference values","lines:Pulse pressure","Lines › Normal values › Arterial pressure","Pulse pressure","30–60 mmHg — Narrow: low stroke volume, tamponade, AS. Wide: AR, stiff arteries, sepsis, heart block.","","",""
"1 Reference values","lines:Pulse-pressure variation","Lines › Normal values › Arterial pressure","Pulse-pressure variation","< 9 (grey zone 9–13, > 13 = fluid-responsive) % — Valid only with controlled ventilation ≥ 8 mL/kg, no spontaneous effort, sinus rhythm, closed chest, HR/RR > 3.6, compliance > 30 mL/cmH₂O, no RV failure or intra-abdominal hypertension.","","",""
"1 Reference values","lines:Systolic fall on inspiration (spontaneous)","Lines › Normal values › Arterial pressure","Systolic fall on inspiration (spontaneous)","< 10 mmHg — > 10 = pulsus paradoxus: tamponade, severe asthma/COPD, massive PE.","","",""
"1 Reference values","lines:CVP","Lines › Normal values › Central venous pressure","CVP","2–8 mmHg — A single value says little about fluid responsiveness; trends and the waveform say more.","","",""
"1 Reference values","lines:Conversion","Lines › Normal values › Central venous pressure","Conversion","1 mmHg = 1.36 cmH₂O — A water manometer reads 1.36 × higher numbers than the transducer.","","",""
"1 Reference values","lines:Waves","Lines › Normal values › Central venous pressure","Waves","a · c · x · v · y — a after P (atrial kick) · c at QRS (tricuspid bulge) · x (atrial relaxation) · v after T (atrial filling) · y (tricuspid opens).","","",""
"1 Reference values","lines:Reference level","Lines › Normal values › The monitoring system","Reference level","Phlebostatic axis — 4th intercostal space, mid-axillary line (≈ right atrium). Valid with the head of the bed 0–60°.","","",""
"1 Reference values","lines:Level error","Lines › Normal values › The monitoring system","Level error","0.74 per cm mmHg — Transducer below the axis → reads high; above → reads low.","","",""
"1 Reference values","lines:Pressure bag","Lines › Normal values › The monitoring system","Pressure bag","300 mmHg — Continuous flush ≈ 3 mL/h. A soft bag lets blood back up and damps the trace.","","",""
"1 Reference values","lines:Fast-flush (square-wave) test","Lines › Normal values › The monitoring system","Fast-flush (square-wave) test","1.5–2 oscillations — > 2: underdamped (SBP high, DBP low). < 1.5: overdamped (SBP low, DBP high). MAP holds.","","",""
"1 Reference values","lines:Natural frequency","Lines › Normal values › The monitoring system","Natural frequency","> 15–20 Hz — Long compliant tubing, many stopcocks and small bubbles lower it.","","",""
"1 Reference values","lines:Damping coefficient ζ","Lines › Normal values › The monitoring system","Damping coefficient ζ","≈ 0.4–0.7 — The lower the natural frequency, the higher ζ must be to avoid overshoot.","","",""
"1 Reference values","lines:Zeroing","Lines › Normal values › The monitoring system","Zeroing","Open to air at the axis — At set-up, after disconnecting the transducer or cable, when values are doubtful, and per policy. Re-LEVEL (not re-zero) after any move of the patient or transducer.","","",""
"1 Reference values","lab:na","Labs › Electrolytes","Sodium (Na⁺)","Normal 135–145 mEq/L; critical 120 / 160. High (Hypernatraemia): Water loss without access to water (elderly, intubated); Diabetes insipidus; Osmotic diuresis; Hypertonic saline or bicarbonate — Water leaves cells: brain cells shrink → confusion, seizures, tearing of bridging veins.. Low (Hyponatraemia): SIADH (pain, nausea, drugs, lung/brain disease); Heart, liver or kidney failure; Thiazides; Excess free water, beer potomania — Water moves into cells: brain swells inside a rigid skull → headache, vomiting, seizures, herniation.","","",""
"1 Reference values","lab:k","Labs › Electrolytes","Potassium (K⁺)","Normal 3.5–5 mEq/L; critical 2.5 / 6.5. High (Hyperkalaemia): Kidney failure; ACE-i/ARB, spironolactone, trimethoprim; Cell breakdown: rhabdomyolysis, tumour lysis, haemolysis; Acidosis, insulin deficiency (DKA) — shift out of cells — Resting potential rises toward threshold: peaked T → long PR, flat P → wide QRS → sine wave → VF or asystole.. Low (Hypokalaemia): Diuretics; Vomiting, diarrhoea; Insulin, β₂-agonists, alkalosis (shift in); Low magnesium — Hyperpolarised, slow-repolarising cells: flat T, U waves, arrhythmias (especially with digoxin), weakness, ileus.","","",""
"1 Reference values","lab:cl","Labs › Electrolytes","Chloride (Cl⁻)","Normal 98–107 mEq/L. High (Hyperchloraemia): Large volumes of 0.9 % saline; Diarrhoea (HCO₃⁻ loss); Renal tubular acidosis — Normal-anion-gap metabolic acidosis.. Low (Hypochloraemia): Vomiting / NG suction; Loop and thiazide diuretics; Chronic respiratory acidosis compensation — Maintains metabolic alkalosis — the kidney cannot excrete HCO₃⁻ without chloride.","","",""
"1 Reference values","lab:hco3","Labs › Electrolytes","Bicarbonate (total CO₂) (HCO₃⁻)","Normal 22–29 mEq/L; critical 10 / 40. High (Metabolic alkalosis (or compensation)): Vomiting, diuretics; Compensation for chronic CO₂ retention; Bicarbonate / citrate load — Alkalaemia: low ionised calcium and potassium, arrhythmias, hypoventilation.. Low (Metabolic acidosis (or compensation)): Lactate, ketones, toxins, uraemia (gap); Diarrhoea, saline, RTA (non-gap); Compensation for chronic hyperventilation — Acidaemia: Kussmaul breathing, poor cardiac contractility, vasodilatation, hyperkalaemia.","","",""
"1 Reference values","lab:ca","Labs › Electrolytes","Calcium (ionised) (iCa²⁺)","Normal 1.12–1.32 mmol/L; critical 0.8 / 1.6. High (Hypercalcaemia): Hyperparathyroidism; Cancer (bone metastases, PTHrP); Vitamin D excess, thiazides — ""Stones, bones, groans, moans"": short QT, dehydration from nephrogenic DI, confusion.. Low (Hypocalcaemia): Massive transfusion (citrate); Sepsis, pancreatitis; Low magnesium, hypoparathyroidism; Alkalosis (more binding to albumin) — Neuromuscular irritability — tingling, tetany, laryngospasm, seizures; long QT; hypotension; poor clotting.","","",""
"1 Reference values","lab:mg","Labs › Electrolytes","Magnesium (Mg²⁺)","Normal 1.7–2.3 mg/dL. High (Hypermagnesaemia): Kidney failure; Magnesium infusion (pre-eclampsia) — Loss of reflexes, hypotension, respiratory depression, heart block.. Low (Hypomagnesaemia): Alcohol, malnutrition; Diuretics, PPIs; Diarrhoea, refeeding — Long QT and torsades; refractory low potassium and calcium.","","",""
"1 Reference values","lab:phos","Labs › Electrolytes","Phosphate (PO₄³⁻)","Normal 2.5–4.5 mg/dL. High (Hyperphosphataemia): Kidney failure; Tumour lysis, rhabdomyolysis — Binds calcium → hypocalcaemia and calcium-phosphate deposition.. Low (Hypophosphataemia): Refeeding syndrome; DKA treatment; Alcohol, respiratory alkalosis — No ATP: diaphragm weakness, failure to wean, haemolysis, heart failure.","","",""
"1 Reference values","lab:bun","Labs › Kidney","Blood urea nitrogen (BUN)","Normal 7–20 mg/dL. High (Raised BUN): Reduced GFR (AKI, CKD); Dehydration (more reabsorption); GI bleeding, steroids, high protein feeds — Uraemia: nausea, pericarditis, platelet dysfunction, encephalopathy.. Low (Low BUN): Liver failure; Malnutrition; Overhydration, pregnancy — Usually a clue, not a problem.","","",""
"1 Reference values","lab:cr","Labs › Kidney","Creatinine (Cr)","Normal 0.6–1.2 mg/dL. High (Raised creatinine): AKI: pre-renal, intrinsic (ATN), obstruction; CKD; High muscle mass, some drugs (trimethoprim) — Signals falling GFR: drug accumulation, fluid, potassium and acid retention.. Low (Low creatinine): Low muscle mass (elderly, amputees, critical illness); Pregnancy — May hide real kidney impairment.","","",""
"1 Reference values","lab:egfr","Labs › Kidney","Estimated GFR (eGFR)","Normal 90–130 mL/min/1.73m². High (High eGFR): Hyperfiltration: pregnancy, early diabetes, augmented renal clearance in young trauma/sepsis — Antibiotics cleared faster than expected.. Low (Low eGFR): CKD; AKI (unreliable until creatinine is steady) — Adjust drug doses; watch K⁺, acid and fluid.","","",""
"1 Reference values","lab:glu","Labs › Metabolic","Glucose (Glu)","Normal 70–140 mg/dL; critical 50 / 500. High (Hyperglycaemia): Diabetes, DKA/HHS; Stress, steroids, sepsis; Dextrose infusions — Osmotic diuresis → dehydration; poor wound healing and infection; each 100 mg/dL lowers measured Na⁺ ≈ 1.6.. Low (Hypoglycaemia): Insulin or sulfonylureas; Liver failure, sepsis, alcohol; Adrenal insufficiency — Neuroglycopenia: confusion, seizures, coma; sympathetic surge (sweating, tachycardia).","","",""
"1 Reference values","lab:ag","Labs › Metabolic","Anion gap (AG)","Normal 8–12 mEq/L. High (High anion gap): Lactate; Ketones; Toxic alcohols, salicylate; Uraemia — A high-gap metabolic acidosis — find the acid.. Low (Low anion gap): Low albumin (≈ −2.5 per g/dL); Lithium, myeloma, bromide — Mostly a clue that the gap needs correcting for albumin.","","",""
"1 Reference values","lab:lac","Labs › Metabolic","Lactate (Lac)","Normal 0.5–2 mmol/L; critical — / 4. High (Hyperlactataemia): Shock / hypoperfusion (type A); Adrenaline, salbutamol, sepsis (aerobic glycolysis); Liver failure (poor clearance); Metformin, seizures, thiamine deficiency — High-AG metabolic acidosis; a strong marker of risk.. Low (Low lactate): Normal — —","","",""
"1 Reference values","lab:ket","Labs › Metabolic","Ketones (β-hydroxybutyrate) (BHB)","Normal 0–0.6 mmol/L; critical — / 3. High (Ketosis / ketoacidosis): DKA (insulin deficiency); Starvation, alcohol; SGLT2 inhibitors (euglycaemic DKA) — Strong acids → high-AG acidosis.. Low (Absent): Normal fed state — —","","",""
"1 Reference values","lab:hb","Labs › Blood count","Haemoglobin (Hb)","Normal 13–17 g/dL; critical 7 / —. High (Polycythaemia): Chronic hypoxaemia (COPD, altitude); Polycythaemia vera; Dehydration (relative) — Viscous blood → thrombosis, stroke.. Low (Anaemia): Bleeding; Haemolysis; Iron/B12/folate deficiency, marrow failure, CKD — Less oxygen content with a NORMAL SpO₂ — tachycardia, breathlessness, ischaemia.","","",""
"1 Reference values","lab:hct","Labs › Blood count","Haematocrit (Hct)","Normal 40–50 %. High (High haematocrit): Dehydration; Polycythaemia — Viscosity rises steeply above ~55 %.. Low (Low haematocrit): Anaemia; Haemodilution — Lower oxygen content.","","",""
"1 Reference values","lab:rbc","Labs › Blood count","Red cell count (RBC)","Normal 4.5–5.9 ×10¹²/L. High (Erythrocytosis): Hypoxia; Thalassaemia trait (many small cells) — As for high Hb.. Low (Low red cell count): Anaemia of any cause — As for low Hb.","","",""
"1 Reference values","lab:wbc","Labs › Blood count","White cell count (WBC)","Normal 4–11 ×10⁹/L; critical 1 / 30. High (Leucocytosis): Infection, inflammation; Steroids, adrenaline (demargination); Leukaemia — A marker, not a diagnosis.. Low (Leucopenia): Chemotherapy; Overwhelming sepsis; Viral infection, drugs — Neutrophils < 0.5 × 10⁹/L: high risk of severe infection.","","",""
"1 Reference values","lab:plt","Labs › Blood count","Platelets (Plt)","Normal 150–400 ×10⁹/L; critical 20 / 1000. High (Thrombocytosis): Inflammation, iron deficiency, after splenectomy; Myeloproliferative disease — Usually reactive; clotting risk when very high.. Low (Thrombocytopenia): Sepsis/DIC, dilution; Heparin (HIT), drugs, ITP; Liver disease (splenic pooling), marrow failure — Bleeding: petechiae, mucosal oozing; spontaneous bleeding < 10–20 × 10⁹/L.","","",""
"1 Reference values","lab:pt","Labs › Coagulation","Prothrombin time (PT)","Normal 11–13.5 s. High (Prolonged PT): Warfarin, vitamin K deficiency; Liver failure; DIC, dilution — Bleeding tendency.. Low (Short PT): Not clinically important — —","","",""
"1 Reference values","lab:inr","Labs › Coagulation","INR (INR)","Normal 0.9–1.1 ; critical — / 5. High (High INR): Warfarin; Liver failure; Vitamin K deficiency, DIC — Bleeding risk rises steeply above 4–5.. Low (Normal): — — —","","",""
"1 Reference values","lab:aptt","Labs › Coagulation","Activated partial thromboplastin time (aPTT)","Normal 25–35 s. High (Prolonged aPTT): Heparin; Haemophilia A/B, von Willebrand; Lupus anticoagulant (clots in vivo!); DIC, dilution — Bleeding (except lupus anticoagulant).. Low (Short aPTT): Acute-phase high factor VIII — Not usually important.","","",""
"1 Reference values","lab:fib","Labs › Coagulation","Fibrinogen (Fib)","Normal 200–400 mg/dL; critical 100 / —. High (High fibrinogen): Inflammation, pregnancy — Thrombosis risk marker.. Low (Low fibrinogen): Massive haemorrhage (first factor to run out); DIC; Liver failure — Clots are weak — bleeding continues.","","",""
"1 Reference values","lab:trop","Labs › Cardiac","Troponin (high-sensitivity) (hs-TnT)","Normal 0–14 ng/L. High (Raised troponin): Myocardial infarction (type 1); Supply–demand mismatch: sepsis, tachycardia, anaemia (type 2); Myocarditis, PE, kidney failure — Myocardial injury — the rise and fall pattern and the clinical picture decide if it is infarction.. Low (Normal): — — —","","",""
"1 Reference values","lab:bnp","Labs › Cardiac","B-type natriuretic peptide (BNP)","Normal 0–100 pg/mL. High (Raised BNP): Heart failure; PE, pulmonary hypertension; Kidney failure, age, sepsis — Marks ventricular strain.. Low (Low BNP): Normal; obesity lowers it — A low BNP makes heart failure unlikely as the cause of breathlessness.","","",""
"1 Reference values","lab:ast","Labs › Liver","Aspartate aminotransferase (AST)","Normal 10–40 U/L. High (Raised AST): Hepatitis, ischaemic (""shock"") liver; Alcohol (AST:ALT > 2); Rhabdomyolysis, haemolysis, MI — Marks cell injury — not liver function.. Low (Normal): — — —","","",""
"1 Reference values","lab:alt","Labs › Liver","Alanine aminotransferase (ALT)","Normal 7–56 U/L. High (Raised ALT): Viral, drug (paracetamol) or ischaemic hepatitis; Fatty liver — Liver cell injury.. Low (Normal): — — —","","",""
"1 Reference values","lab:alp","Labs › Liver","Alkaline phosphatase (ALP)","Normal 44–147 U/L. High (Raised ALP): Biliary obstruction (stones, cancer), cholestatic drugs; Bone growth, Paget’s, metastases; Pregnancy (placenta) — Cholestatic pattern when it rises with bilirubin and GGT.. Low (Low ALP): Malnutrition, zinc deficiency, hypophosphatasia — Rarely important.","","",""
"1 Reference values","lab:bili","Labs › Liver","Bilirubin (total) (Bili)","Normal 0.1–1.2 mg/dL. High (Hyperbilirubinaemia): Haemolysis (unconjugated); Hepatitis, cirrhosis; Biliary obstruction (conjugated); Gilbert’s, sepsis — Jaundice; very high unconjugated bilirubin is toxic to the newborn brain.. Low (Low bilirubin): Not important — —","","",""
"1 Reference values","lab:alb","Labs › Liver","Albumin (Alb)","Normal 3.5–5 g/dL. High (High albumin): Dehydration — —. Low (Hypoalbuminaemia): Inflammation (negative acute-phase); Liver failure, malnutrition; Nephrotic syndrome, burns — Oedema; low total calcium; lower anion gap; more free drug.","","",""
"2 Lesson narration","vo:eom1","Ventilator › Learn › One equation runs the ventilator › The equation of motion","eom1","Every pressure on a ventilator screen comes from one equation. Airway pressure equals resistance times flow, plus volume divided by compliance, plus PEEP. The ventilator is pushing gas through a tube and a tree of airways, and stretching an elastic lung that already sits at PEEP. Watch the lungs: each breath, the bases move down with the diaphragm.","","",""
"2 Lesson narration","vo:eom2","Ventilator › Learn › One equation runs the ventilator › Square flow, rising pressure","eom2","In volume control with a square wave, flow is constant during inspiration. Look at the pressure trace. It jumps up the instant flow starts. That jump is resistance times flow. After the jump, pressure keeps climbing in a straight line, because as volume goes in, the elastic lung pushes back harder. The top of that climb is the peak inspiratory pressure, PIP.","","",""
"2 Lesson narration","vo:eom3","Ventilator › Learn › One equation runs the ventilator › Stop the flow: plateau","eom3","Now an inspiratory hold. The valves close and flow drops to zero. With no flow, the resistance term disappears, so the pressure falls from the peak to a plateau. What is left is purely elastic: how hard the stretched lung and chest wall are pushing back. That is the plateau pressure. The drop from peak to plateau tells you about the airways. The plateau tells you about the lung.","","",""
"2 Lesson narration","vo:eom4","Ventilator › Learn › One equation runs the ventilator › Driving pressure and compliance","eom4","Plateau minus PEEP is the driving pressure. It is the pressure needed to fit this tidal volume into this lung. Divide the tidal volume by the driving pressure and you get static compliance. Normal is about sixty to eighty milliliters per centimeter of water. The coloured bar under the numbers splits the peak pressure into its three parts: PEEP, elastic, and resistive.","","",""
"2 Lesson narration","vo:eom5","Ventilator › Learn › One equation runs the ventilator › Passive exhalation and tau","eom5","Expiration is passive. The lung empties like a spring through a narrow tube, so flow is highest at the start and decays exponentially. The time constant, tau, is resistance times compliance. After one tau, about sixty three percent of the breath is out. After three tau, about ninety five percent. Here tau is under half a second, so the lung is empty long before the next breath.","","",""
"2 Lesson narration","vo:rc1","Ventilator › Learn › Resistance or compliance? › Narrow airways","rc1","This is severe bronchospasm. The airways in the translucent lungs are narrowed and inflamed. Look at the pressure: the peak is high, but the plateau after the pause is almost normal. The gap between them is huge. Resistance has gone up, compliance has not. The pressure is being spent pushing gas through the airways, not stretching the alveoli.","","",""
"2 Lesson narration","vo:rc2","Ventilator › Learn › Resistance or compliance? › Open the airways","rc2","A bronchodilator relaxes the smooth muscle. Airway resistance depends on the fourth power of the radius, so a small increase in calibre makes a large drop in resistance. Watch the airways widen, and the peak pressure fall toward the plateau. Time is compressed here: fifteen minutes of drug effect in about fifteen seconds.","","",""
"2 Lesson narration","vo:rc3","Ventilator › Learn › Resistance or compliance? › A stiff lung","rc3","Now a stiff, injured lung. Peak and plateau have both risen, and the gap between them is normal. The same tidal volume needs much more pressure to fit, because a large part of the lung is collapsed and the rest is stiff. That is a compliance problem.","","",""
"2 Lesson narration","vo:rc4","Ventilator › Learn › Resistance or compliance? › The rule","rc4","So, when the high-pressure alarm sounds, do an inspiratory hold. High peak with a normal plateau means resistance: kinked or bitten tube, secretions, bronchospasm. High peak with a high plateau means compliance: pneumothorax, mainstem intubation, pulmonary oedema, abdominal distension, or a stiff chest wall.","","",""
"2 Lesson narration","vo:vp1","Ventilator › Learn › Volume control vs pressure control › Volume control","vp1","In volume control you choose the tidal volume and the flow. The ventilator guarantees them, and pressure is whatever it takes. If the lung gets stiffer, or the airway narrows, pressure rises. That protects minute ventilation, but you must watch the pressures.","","",""
"2 Lesson narration","vo:vp2","Ventilator › Learn › Volume control vs pressure control › Pressure control","vp2","In pressure control you choose the pressure above PEEP and the inspiratory time. The pressure trace is now a square. Flow is high at first, then decays as the lung fills and the pressure difference shrinks. Tidal volume is the result. Here it is similar to before.","","",""
"2 Lesson narration","vo:vp3","Ventilator › Learn › Volume control vs pressure control › Make the lung stiff","vp3","Same pressure control settings, but now in a stiff ARDS lung. The pressure is capped, so the volume falls. Look at the tidal volume: much smaller. In pressure modes, a falling tidal volume is your warning sign, just as a rising pressure is in volume modes.","","",""
"2 Lesson narration","vo:vp4","Ventilator › Learn › Volume control vs pressure control › Decelerating flow","vp4","Volume control can also use a decelerating flow pattern. It delivers the volume with a lower peak pressure and a more even distribution between fast and slow lung units. The plateau does not change, because the volume and the lung are the same.","","",""
"2 Lesson narration","vo:pe1","Ventilator › Learn › PEEP, recruitment and overdistension › The collapsed, dependent lung","pe1","This patient lies on their back. In ARDS, the heavy, wet lung collapses under its own weight, so the posterior, dependent regions are dark and airless. Blood still flows past them, but it picks up no oxygen. That is shunt, and it is why this patient is hypoxic despite a high FiO₂.","","",""
"2 Lesson narration","vo:pe2","Ventilator › Learn › PEEP, recruitment and overdistension › Raise PEEP","pe2","Now raise PEEP to fourteen. Collapsed units need a higher pressure to open than to stay open. As PEEP rises, the dark posterior lung turns pink: those units are recruited. The same tidal volume now goes into more alveoli, so the driving pressure falls and compliance improves. Watch the oxygen saturation climb as shunt falls.","","",""
"2 Lesson narration","vo:pe3","Ventilator › Learn › PEEP, recruitment and overdistension › Too much","pe3","Now PEEP twenty two. The anterior lung, which was already open, turns pale: it is over-stretched. The pressure volume loop flattens at the top, compliance falls again, and the plateau is above thirty. High intrathoracic pressure also squeezes the great veins, so venous return and blood pressure fall. More PEEP is not always better.","","",""
"2 Lesson narration","vo:pe4","Ventilator › Learn › PEEP, recruitment and overdistension › Find the middle","pe4","The best PEEP opens the collapsed lung without over-stretching the open lung. At the bedside we look for the lowest driving pressure, an acceptable plateau, and oxygenation, while watching blood pressure. Try it yourself in explore mode.","","",""
"2 Lesson narration","vo:au1","Ventilator › Learn › Auto-PEEP and the time constant › Flow that never reaches zero","au1","In severe asthma the time constant is long. Look at the expiratory flow: it is still negative when the next breath begins. The lung has not finished emptying. Each breath leaves a little gas behind, until the lung sits at a higher volume. That trapped gas has pressure: intrinsic PEEP, or auto-PEEP.","","",""
"2 Lesson narration","vo:au2","Ventilator › Learn › Auto-PEEP and the time constant › Measure it","au2","An expiratory hold closes the valves at the end of expiration. The trapped alveolar pressure equilibrates with the airway, and the pressure rises above set PEEP. The difference is auto-PEEP. It adds to plateau pressure, compresses the heart, and makes the patient work harder to trigger.","","",""
"2 Lesson narration","vo:au3","Ventilator › Learn › Auto-PEEP and the time constant › Give it time","au3","The most powerful fix is expiratory time. Lower the rate, and shorten inspiration with a higher flow. Now expiratory flow reaches zero before the next breath, and the auto-PEEP disappears. Carbon dioxide may rise. In asthma that is usually accepted: permissive hypercapnia.","","",""
"2 Lesson narration","vo:sy1","Ventilator › Learn › Triggering, cycling and dyssynchrony › Pressure support","sy1","In pressure support the patient starts every breath. The red dashed line is the patient’s own muscle effort, which the ventilator cannot see directly. When the effort pulls enough flow past the trigger threshold, the ventilator delivers a set pressure. It stops when flow has fallen to a set percentage of the peak flow: the cycle-off criterion.","","",""
"2 Lesson narration","vo:sy2","Ventilator › Learn › Triggering, cycling and dyssynchrony › Premature cycling","sy2","Here the cycle-off threshold is sixty percent. The breath ends while the red effort line is still rising: the patient is still inhaling, but the ventilator has stopped. Look for the dip in expiratory flow right after cycling, and sometimes a second breath.","","",""
"2 Lesson narration","vo:sy3","Ventilator › Learn › Triggering, cycling and dyssynchrony › Delayed cycling","sy3","In COPD the flow decays slowly. With a cycle-off of five percent, the ventilator keeps inflating long after the patient has finished. The effort line goes negative: the patient is actively pushing to exhale against the machine. Raising the cycle-off percentage fixes it.","","",""
"2 Lesson narration","vo:sy4","Ventilator › Learn › Triggering, cycling and dyssynchrony › Ineffective efforts","sy4","Now watch the expiratory flow between breaths. Small upward bumps appear with each red effort, but no breath follows. Trapped gas means the patient must first overcome auto-PEEP before any flow reaches the sensor. These are ineffective efforts. Try the challenges to diagnose and fix each dyssynchrony yourself.","","",""
"2 Lesson narration","vo:ox1","Blood gas › Learn › Oxygen: from air to mitochondria › Fresh gas in the alveolus","ox1","Room air is twenty one percent oxygen. By the time it is warmed, humidified and mixed with carbon dioxide in the alveoli, the alveolar oxygen pressure is about one hundred. The alveolar gas equation says it: FiO₂ times seven hundred and thirteen, minus PaCO₂ divided by zero point eight.","","",""
"2 Lesson narration","vo:ox2","Blood gas › Learn › Oxygen: from air to mitochondria › Blood arrives venous","ox2","Here is one alveolar sac and its capillary basket, drawn to scale. Blood arrives from the pulmonary artery dark, about seventy percent saturated. It spreads over the alveoli in a single layer of red cells, separated from the air by a barrier thinner than one micrometre. It leaves bright red, about ninety seven percent saturated, through the pulmonary venule.","","",""
"2 Lesson narration","vo:ox3","Blood gas › Learn › Oxygen: from air to mitochondria › Loading in the first third","ox3","Zoom in to a single capillary. Red cells squeeze through one at a time. They take about three quarters of a second to cross, but they are fully loaded in the first third of that time. That reserve is why a healthy person can exercise without desaturating.","","",""
"2 Lesson narration","vo:ox4","Blood gas › Learn › Oxygen: from air to mitochondria › Delivery and extraction","ox4","In the muscle, arterial blood gives up oxygen to the mitochondria and picks up carbon dioxide. Oxygen delivery is arterial content times cardiac output: about a thousand millilitres a minute. The tissues use about a quarter of it, so venous blood returns about seventy five percent saturated.","","",""
"2 Lesson narration","vo:ox5","Blood gas › Learn › Oxygen: from air to mitochondria › Anaemia: normal SpO₂, empty blood","ox5","Now drop the haemoglobin to six and a half. Look at the arterial gas: PaO₂ and saturation are unchanged, and the pulse oximeter still reads normal. But oxygen content has halved, because content is one point three four times haemoglobin times saturation, plus a tiny dissolved fraction. The tissues must extract more, so venous saturation falls. SpO₂ tells you how full each lorry is, not how many lorries there are.","","",""
"2 Lesson narration","vo:hy1","Blood gas › Learn › Why is the PaO₂ low? › Hypoventilation","hy1","First, hypoventilation. Depress the drive, as an opioid would. Less fresh gas reaches the alveoli, so carbon dioxide builds up and, by the alveolar gas equation, alveolar oxygen falls. The lungs themselves are normal, so the A to a gradient stays normal. A little oxygen, or simply more ventilation, fixes it.","","",""
"2 Lesson narration","vo:hy2","Blood gas › Learn › Why is the PaO₂ low? › V/Q mismatch","hy2","Now V Q mismatch. Some alveoli get plenty of blood but little air. Blood leaving them is poorly oxygenated, and the A to a gradient widens. This is the commonest cause of hypoxaemia: pneumonia, COPD, asthma, pulmonary embolism.","","",""
"2 Lesson narration","vo:hy3","Blood gas › Learn › Why is the PaO₂ low? › Oxygen fixes V/Q mismatch","hy3","Raise the FiO₂ to forty percent. Even poorly ventilated alveoli eventually fill with oxygen-rich gas, so their blood saturates and the PaO₂ rises a lot. V Q mismatch is oxygen responsive.","","",""
"2 Lesson narration","vo:hy4","Blood gas › Learn › Why is the PaO₂ low? › Shunt does not respond","hy4","Now shunt: blood passing collapsed or flooded alveoli that receive no gas at all. The dark alveoli are airless, and the blood through them stays venous. Even at one hundred percent oxygen, the PaO₂ barely rises, because extra oxygen never reaches that blood. Shunt needs the alveoli reopened: PEEP, recruitment, treating the cause.","","",""
"2 Lesson narration","vo:hy5","Blood gas › Learn › Why is the PaO₂ low? › Dead space","hy5","Finally, dead space: alveoli that are ventilated but not perfused, shown with grey empty capillaries. They waste ventilation, so carbon dioxide clearance falls and the gap between PaCO₂ and end tidal CO₂ widens. Pulmonary embolism, low cardiac output and over-distension all do this.","","",""
"2 Lesson narration","vo:rs1","Blood gas › Learn › CO₂, pH and the kidneys › Acute respiratory acidosis","rs1","This patient has taken an opioid. Carbon dioxide has risen to the eighties, and the pH has fallen quickly. Carbon dioxide combines with water to form carbonic acid, which releases hydrogen ions. Haemoglobin and proteins buffer some of them, so bicarbonate rises only about one per ten millimetres of mercury. That is acute compensation.","","",""
"2 Lesson narration","vo:rs2","Blood gas › Learn › CO₂, pH and the kidneys › The acid–base map","rs2","Look at the acid base map. The dot sits in the acute respiratory acidosis band. Now we will keep the ventilation the same and let two days pass.","","",""
"2 Lesson narration","vo:rs3","Blood gas › Learn › CO₂, pH and the kidneys › 48 hours later","rs3","The kidneys have been excreting acid as ammonium and reclaiming and making new bicarbonate. Bicarbonate has risen by about three and a half per ten millimetres of mercury, and the pH is back near normal, even though the CO₂ has not changed. The dot has moved along its path into the chronic band. This is why a COPD patient can live with a PaCO₂ of sixty.","","",""
"2 Lesson narration","vo:rs4","Blood gas › Learn › CO₂, pH and the kidneys › Post-hypercapnic alkalosis","rs4","Now reverse the opioid. Ventilation returns, and CO₂ falls within minutes. But the kidneys need days to give back the extra bicarbonate, so the patient becomes alkalaemic. The same thing happens when a chronic retainer is over-ventilated on a ventilator.","","",""
"2 Lesson narration","vo:mt1","Blood gas › Learn › Metabolic acidosis and the anion gap › Ketoacids consume bicarbonate","mt1","Diabetic ketoacidosis. Ketoacids release hydrogen ions, and bicarbonate is used up buffering them. The ketone anions stay behind, unmeasured, so the anion gap, sodium minus chloride plus bicarbonate, widens. This is a high anion gap metabolic acidosis.","","",""
"2 Lesson narration","vo:mt2","Blood gas › Learn › Metabolic acidosis and the anion gap › The lungs compensate","mt2","The low pH drives deep, fast breathing, Kussmaul respiration. Winter’s formula predicts the expected PaCO₂: one and a half times bicarbonate plus eight, plus or minus two. If the measured CO₂ is higher, the patient is tiring or sedated: a second, respiratory, problem.","","",""
"2 Lesson narration","vo:mt3","Blood gas › Learn › Metabolic acidosis and the anion gap › Lactate","mt3","In septic shock, lactate rises. Some comes from tissues short of oxygen, shown in magenta, but much comes from adrenaline-driven glycolysis and from a liver too poorly perfused to clear it. Lactate is a marker of stress and clearance, not simply of oxygen debt.","","",""
"2 Lesson narration","vo:mt4","Blood gas › Learn › Metabolic acidosis and the anion gap › A mixed disorder","mt4","Salicylate poisoning stimulates the respiratory centre directly, causing a respiratory alkalosis, and uncouples oxidative phosphorylation, adding organic acid. The CO₂ is lower than Winter’s formula predicts. Two primary disorders at once. The low CO₂ is protecting the patient: if they are intubated, it must stay low.","","",""
"2 Lesson narration","vo:vb1","Blood gas › Learn › ABG or VBG? › Two sampling sites","vb1","An arterial gas samples blood on its way to the tissues. A venous gas samples blood that has already given up oxygen and collected carbon dioxide. In a stable patient, venous pH is about zero point zero three lower and venous CO₂ about five higher. Bicarbonate and lactate are almost the same.","","",""
"2 Lesson narration","vo:vb2","Blood gas › Learn › ABG or VBG? › Venous PO₂ is not oxygenation","vb2","Venous PO₂ tells you only what the tissues left behind. A venous PO₂ of forty is normal, not hypoxaemia. To judge oxygenation, use the pulse oximeter or an arterial sample. The app always shows these two samples separately for that reason.","","",""
"2 Lesson narration","vo:vb3","Blood gas › Learn › ABG or VBG? › When they diverge","vb3","During cardiac arrest with CPR, blood flow is so low that carbon dioxide piles up in the tissues. Venous CO₂ is far higher than arterial, and the venous pH far lower. When flow is poor, a venous gas no longer mirrors the arterial one.","","",""
"2 Lesson narration","vo:hk1","Labs › Learn › Hyperkalaemia: stabilise, shift, remove › Potassium lives inside cells","hk1","Almost all the body’s potassium is inside cells, about one hundred and forty inside against four outside. The sodium potassium pump in the membrane keeps it that way. That steep ratio sets the resting membrane potential of every heart cell, about minus eighty five millivolts.","","",""
"2 Lesson narration","vo:hk2","Labs › Learn › Hyperkalaemia: stabilise, shift, remove › Raise the outside potassium","hk2","Now the kidneys have failed and plasma potassium is seven point four. The ratio across the membrane falls, so the resting potential rises toward the threshold. Look at the gap on the membrane gauge: it has shrunk. The ECG shows peaked T waves, flattened P waves and a widening QRS. The heart is close to an arrhythmia.","","",""
"2 Lesson narration","vo:hk3","Labs › Learn › Hyperkalaemia: stabilise, shift, remove › Step one: calcium","hk3","Give intravenous calcium. Watch the numbers carefully: the potassium has not changed at all. What changed is the threshold. Calcium moves the threshold potential up, away from the resting potential, and restores the safety gap. The QRS narrows within minutes. Calcium buys time: thirty to sixty minutes.","","",""
"2 Lesson narration","vo:hk4","Labs › Learn › Hyperkalaemia: stabilise, shift, remove › Step two: shift it into cells","hk4","Now insulin with dextrose. Insulin switches on the sodium potassium pump, so potassium moves from the blood back into the cells. Plasma potassium falls by around one. Nebulised salbutamol does the same through beta two receptors. But nothing has left the body.","","",""
"2 Lesson narration","vo:hk5","Labs › Learn › Hyperkalaemia: stabilise, shift, remove › The rebound","hk5","Five hours later the insulin has worn off, the pumps have slowed, and potassium has leaked back out. This is the rebound. Shifting treatments are temporary. The potassium must be removed.","","",""
"2 Lesson narration","vo:hk6","Labs › Learn › Hyperkalaemia: stabilise, shift, remove › Step three: remove it","hk6","Dialysis removes potassium from the body, and so do binders, and diuretics if the kidneys work. Stabilise, shift, remove: in that order, and repeat the ECG and the potassium.","","",""
"2 Lesson narration","vo:hn1","Labs › Learn › Hyponatraemia and the brain › Water follows solute","hn1","Sodium is the main solute outside cells. Cell membranes let water through freely, so water moves until the concentration inside and outside is equal. Plasma sodium therefore sets the size of every cell, and the brain is the one organ that has no room to swell.","","",""
"2 Lesson narration","vo:hn2","Labs › Learn › Hyponatraemia and the brain › Acute hyponatraemia","hn2","Drop the sodium to one hundred and eighteen over a few hours, as happens with water intoxication or after surgery. Water rushes into brain cells and they swell. Inside the skull, that means headache, vomiting, seizures and eventually herniation. This is an emergency: a small bolus of hypertonic saline, raising the sodium by four to six, pulls water back out.","","",""
"2 Lesson narration","vo:hn3","Labs › Learn › Hyponatraemia and the brain › The brain adapts","hn3","If the sodium falls slowly, over days, brain cells export their own solutes, organic osmolytes, and shrink back to a normal size. This patient has the same sodium of one hundred and eighteen, but the brain cells are no longer swollen.","","",""
"2 Lesson narration","vo:hn4","Labs › Learn › Hyponatraemia and the brain › Correcting too fast","hn4","Now correct that chronic hyponatraemia too quickly: sixteen in a day. The adapted brain cells cannot re-import their osmolytes fast enough, water is pulled out, and the myelin of the pons can be destroyed. Osmotic demyelination appears days later and may be permanent. Limit correction to about eight to ten in twenty four hours.","","",""
"2 Lesson narration","vo:an1","Labs › Learn › Anaemia: the oximeter cannot see it › Normal blood","an1","Here is a capillary full of red cells. Each one is packed with haemoglobin, and each haemoglobin is ninety seven percent saturated with oxygen. Oxygen content is about nineteen millilitres in every decilitre of blood.","","",""
"2 Lesson narration","vo:an2","Labs › Learn › Anaemia: the oximeter cannot see it › Half the red cells","an2","Now the haemoglobin is six and a half. There are half as many red cells, but each one is still fully saturated, so the pulse oximeter still reads ninety seven percent. The oxygen content has halved. The heart pumps faster to compensate and the tissues extract more, so venous saturation falls.","","",""
"2 Lesson narration","vo:an3","Labs › Learn › Anaemia: the oximeter cannot see it › Treat the content","an3","A unit of red cells raises the haemoglobin by about one gram per decilitre and restores content. Remember: a normal SpO₂ says the haemoglobin present is full, not that there is enough of it.","","",""
"2 Lesson narration","vo:lc1","Labs › Learn › Lactate: made and cleared › A balance","lc1","Every cell makes some lactate, and the liver and kidneys clear it. A normal level of about one simply means production and clearance are matched.","","",""
"2 Lesson narration","vo:lc2","Labs › Learn › Lactate: made and cleared › Shock","lc2","Now cardiac output falls in shock. Tissues short of oxygen turn more glucose into lactate, and a poorly perfused liver clears less. Lactate climbs. Adrenaline and sepsis raise it further, even when oxygen delivery is adequate, by speeding glycolysis.","","",""
"2 Lesson narration","vo:lc3","Labs › Learn › Lactate: made and cleared › Resuscitation","lc3","Restore perfusion and the balance reverses. Lactate falls over hours, as the liver clears it. A falling lactate is one of the best signs that resuscitation is working.","","",""
"2 Lesson narration","vo:ln-setup-1","Lines › Learn › From artery to monitor › A column of saline carries the pressure","ln-setup-1","An arterial line is a short cannula in an artery — here the right radial — joined by stiff, saline-filled tubing to a pressure transducer. The fluid column transmits every pressure change to the transducer, which turns it into the waveform and the numbers on the monitor.","","",""
"2 Lesson narration","vo:ln-setup-2","Lines › Learn › From artery to monitor › The radial cannula","ln-setup-2","A 20-gauge cannula sits in the radial artery at the wrist. A bag of saline squeezed to 300 mmHg pushes about 3 mL an hour through the line, so blood cannot back up and clot. The bag must stay above the patient’s systolic pressure.","","",""
"2 Lesson narration","vo:ln-setup-3","Lines › Learn › From artery to monitor › The central line","ln-setup-3","The central venous catheter enters the right internal jugular vein and runs down through the superior vena cava. Its tip should sit at the cavo-atrial junction, where the SVC meets the right atrium. The pressure there is the central venous pressure — essentially right-atrial pressure.","","",""
"2 Lesson narration","vo:ln-setup-4","Lines › Learn › From artery to monitor › Inside the chest","ln-setup-4","Watch the chambers. The atria contract just after each P wave, the ventricles after each QRS. The right atrium glows brighter as its pressure rises, and a pulse wave runs from the aorta to the wrist — it arrives about a tenth of a second after the heart ejects.","","",""
"2 Lesson narration","vo:ln-setup-5","Lines › Learn › From artery to monitor › One reference level for everything","ln-setup-5","All the pressures are measured against one reference point: the phlebostatic axis — the fourth intercostal space in the mid-axillary line, roughly the level of the right atrium. The transducer’s air–fluid interface, the zeroing stopcock, must sit level with it.","","",""
"2 Lesson narration","vo:ln-art-1","Lines › Learn › Reading the arterial waveform › Each beat, drawn","ln-art-1","The steep upstroke is the left ventricle ejecting into the aorta. The rounded top is the systolic peak. As ejection ends the aortic valve snaps shut, making the dicrotic notch. Then pressure runs off through the arterioles until the next beat: that low point is the diastolic pressure.","","",""
"2 Lesson narration","vo:ln-art-2","Lines › Learn › Reading the arterial waveform › Wrist versus aorta","ln-art-2","The radial systolic peak is taller and spikier than in the central aorta and diastolic slightly lower, so the pulse pressure is wider — the wave steepens as it travels out to smaller, stiffer arteries. The mean pressure hardly changes, which is one reason MAP is the number to trust for decisions. Compare the columns in the table: radial versus central aorta.","","",""
"2 Lesson narration","vo:ln-art-3","Lines › Learn › Reading the arterial waveform › A low dicrotic notch","ln-art-3","This patient is in vasodilated septic shock. Resistance is so low that blood runs off before the valve even closes: the notch slides down toward the diastolic level, diastolic pressure falls and MAP is below 65.","","",""
"2 Lesson narration","vo:ln-art-4","Lines › Learn › Reading the arterial waveform › Vasopressor effect","ln-art-4","Norepinephrine restores vascular tone. Watch diastolic pressure and MAP climb and the notch rise back up the downstroke.","","",""
"2 Lesson narration","vo:ln-art-5","Lines › Learn › Reading the arterial waveform › Stiff arteries","ln-art-5","An older, hypertensive patient: the stiff aorta cannot stretch to absorb each stroke, and the reflected wave returns early, during systole. Systolic pressure climbs, diastolic falls, and the pulse pressure widens past 60 mmHg — with a late systolic shoulder.","","",""
"2 Lesson narration","vo:ln-cvp-1","Lines › Learn › Reading the CVP waveform › Three peaks, two descents","ln-cvp-1","The a wave follows the P wave: the atrium contracts. The small c wave comes just after the QRS, as the closing tricuspid valve bulges back into the atrium. The x descent is the atrium relaxing and the valve ring being pulled down. The v wave is the atrium filling against the closed valve, near the end of the T wave. The y descent is the valve opening and blood rushing into the ventricle.","","",""
"2 Lesson narration","vo:ln-cvp-2","Lines › Learn › Reading the CVP waveform › Breathing moves the whole trace","ln-cvp-2","The shaded bands are breaths in. Breathing spontaneously, each breath in lowers the pressure in the chest, so the whole CVP trace dips. The monitor’s number averages every phase, so it reads a little low.","","",""
"2 Lesson narration","vo:ln-cvp-3","Lines › Learn › Reading the CVP waveform › Measure it yourself","ln-cvp-3","The monitor is frozen. Drag across the CVP trace and read the pressure at end-expiration — just before a shaded breath begins — at the base of the c wave. That is the value to record. Compare it with the monitor’s mean.","","",""
"2 Lesson narration","vo:ln-cvp-4","Lines › Learn › Reading the CVP waveform › On the ventilator it flips","ln-cvp-4","With positive-pressure ventilation, inspiration raises the pressure in the chest, so the CVP rises with each breath. End-expiration is now the lowest part of the respiratory cycle — still just before the next breath. The rule stays the same: read at end-expiration.","","",""
"2 Lesson narration","vo:ln-cvp-5","Lines › Learn › Reading the CVP waveform › Cannon a waves","ln-cvp-5","Complete heart block: atria and ventricles beat independently. When the atrium happens to contract while the tricuspid valve is shut, the blood is pushed back up the jugular: a giant cannon a wave.","","",""
"2 Lesson narration","vo:ln-cvp-6","Lines › Learn › Reading the CVP waveform › No a wave in AF","ln-cvp-6","Atrial fibrillation: the atria quiver and never contract as one, so the a wave disappears. You see only c and v, and the arterial pulse varies with every irregular R-R interval.","","",""
"2 Lesson narration","vo:ln-cvp-7","Lines › Learn › Reading the CVP waveform › Giant c-v waves","ln-cvp-7","Severe tricuspid regurgitation: the right ventricle pumps backwards into the atrium in every systole. The x descent is filled in by a giant c-v wave that can look almost like a ventricular trace.","","",""
"2 Lesson narration","vo:ln-level-1","Lines › Learn › Levelling and zeroing › Levelled","ln-level-1","The transducers are level with the phlebostatic axis. Levelling and zeroing are different jobs: levelling sets the reference height; zeroing tells the monitor what atmospheric pressure reads.","","",""
"2 Lesson narration","vo:ln-level-2","Lines › Learn › Levelling and zeroing › Ten centimetres too low","ln-level-2","The transducer has slipped 10 cm below the axis. The extra 10 cm of saline adds 10 × 0.74 = 7.4 mmHg to every reading. An arterial MAP of 95 becomes 102 — but a CVP of 5 becomes 12, more than double. Low transducer, high reading.","","",""
"2 Lesson narration","vo:ln-level-3","Lines › Learn › Levelling and zeroing › Raising the head of the bed","ln-level-3","The line was levelled with the bed flat. Now the head of the bed goes up to 30 degrees: the chest — and the phlebostatic axis — rises about 27 cm, but the transducer on the pole stays where it was. Every pressure now reads about 20 mmHg high. Re-level after any change in bed height or position.","","",""
"2 Lesson narration","vo:ln-level-4","Lines › Learn › Levelling and zeroing › Zero to air","ln-level-4","Zeroing: turn the stopcock off to the patient and open to air, press zero, then turn it back. The monitor now knows what atmospheric pressure looks like at the level of the stopcock.","","",""
"2 Lesson narration","vo:ln-level-5","Lines › Learn › Levelling and zeroing › The classic mistake","ln-level-5","This line was zeroed while the stopcock was still open to the patient. The monitor subtracted the patient’s own pressure: the trace sits around zero and swings negative. The shape is right; the numbers are wrong. Zero again, open to air.","","",""
"2 Lesson narration","vo:ln-damp-1","Lines › Learn › Damping and the square-wave test › An optimally damped line","ln-damp-1","Pull the flush for a second and let go. The trace jumps to the bag pressure, drops back, bounces one and a half to two times, then the waveform resumes. That is an optimally damped system: trust the systolic and diastolic values.","","",""
"2 Lesson narration","vo:ln-damp-2","Lines › Learn › Damping and the square-wave test › Underdamped: it rings","ln-damp-2","Extra extension tubing and stopcocks lower the natural frequency of the line. Now the flush bounces many times, and each heartbeat sets the line ringing: a spiky systolic overshoot. Systolic reads too high, diastolic slightly low — MAP is the least affected. It gets worse at faster heart rates.","","",""
"2 Lesson narration","vo:ln-damp-3","Lines › Learn › Damping and the square-wave test › A small bubble does the same","ln-damp-3","A tiny air bubble is very compliant. It drops the natural frequency sharply, so the line resonates and overshoots. Turn the stopcock off to the patient and flush the bubble out through the side port to waste.","","",""
"2 Lesson narration","vo:ln-damp-4","Lines › Learn › Damping and the square-wave test › Overdamped: it smears","ln-damp-4","A clot at the tip, a kink, a large bubble or a soft pressure bag absorbs the pulse. The flush slides back with no bounce, the notch disappears, systolic reads low and diastolic high. MAP still holds — until the line blocks completely.","","",""
"2 Lesson narration","vo:ln-damp-5","Lines › Learn › Damping and the square-wave test › Never flush a clot forward","ln-damp-5","An overdamped arterial line with sluggish blood return: aspirate first, then flush. Flushing a clot forward can embolise into the hand; flushing a bubble toward the patient puts air into the circulation — from a radial line it can even travel back up to the brain. Always clear air out of the side port to waste.","","",""
"2 Lesson narration","vo:ln-hl-1","Lines › Learn › Heart–lung interactions › Pulse-pressure variation","ln-hl-1","This patient has lost blood and is on the ventilator. Each positive-pressure breath squeezes blood out of the lungs into the left heart, then limits venous return for the next few beats. An underfilled heart is sensitive to that: the pulse pressure swings by more than 13 %.","","",""
"2 Lesson narration","vo:ln-hl-2","Lines › Learn › Heart–lung interactions › Give fluid, watch PPV fall","ln-hl-2","Three 500 mL boluses. Stroke volume rises, the heart moves up the steep part of its Starling curve onto the flat part, and the variation shrinks. The patient was fluid-responsive.","","",""
"2 Lesson narration","vo:ln-hl-3","Lines › Learn › Heart–lung interactions › When PPV lies","ln-hl-3","PPV only predicts fluid response with controlled breaths of at least 8 mL/kg, a regular rhythm, no spontaneous effort and a closed chest — and it is unreliable with very stiff lungs, RV failure or raised abdominal pressure. Here the patient breathes on their own: the variation is meaningless.","","",""
"2 Lesson narration","vo:ln-hl-4","Lines › Learn › Heart–lung interactions › Irregular rhythm","ln-hl-4","In atrial fibrillation every beat has a different filling time, so pulse pressure varies whatever the volume status. PPV cannot be used.","","",""
"2 Lesson narration","vo:ln-hl-5","Lines › Learn › Heart–lung interactions › Pulsus paradoxus","ln-hl-5","Cardiac tamponade, breathing spontaneously. The pericardium limits total heart volume: when the right heart fills on inspiration, the septum bows left and the left ventricle ejects less. Systolic pressure falls more than 10 mmHg with every breath in, the CVP is high, and there is no y descent.","","",""
"2 Lesson narration","vo:ln-hl-6","Lines › Learn › Heart–lung interactions › Drain it","ln-hl-6","Pericardiocentesis. As the fluid comes off, the paradox disappears, the CVP falls, the y descent returns and the heart rate slows.","","",""
"2 Lesson narration","vo:ln-dz-1","Lines › Learn › Waveforms of disease › Aortic stenosis","ln-dz-1","A narrow valve slows ejection: the upstroke is slow and late (pulsus tardus), the peak small (parvus), often with an anacrotic shoulder, and the notch is faint.","","",""
"2 Lesson narration","vo:ln-dz-2","Lines › Learn › Waveforms of disease › Aortic regurgitation","ln-dz-2","Blood falls back into the ventricle in diastole: diastolic pressure is very low, and the ventricle ejects a huge stroke — a steep upstroke, a wide pulse pressure, often a double systolic peak, and no notch.","","",""
"2 Lesson narration","vo:ln-dz-3","Lines › Learn › Waveforms of disease › Failing left ventricle","ln-dz-3","Cardiogenic shock: a weak ventricle ejects slowly against high resistance. The upstroke is sluggish, the pulse pressure narrow, and the CVP high. Little pulse-pressure variation: more fluid will not help.","","",""
"2 Lesson narration","vo:ln-dz-4","Lines › Learn › Waveforms of disease › PVCs","ln-dz-4","A premature beat fires before the ventricle has filled: a small or absent pulse. The pause that follows lets the next beat fill more, and it is bigger than normal.","","",""
"2 Lesson narration","vo:ln-dz-5","Lines › Learn › Waveforms of disease › Right ventricular failure","ln-dz-5","Massive pulmonary embolism: the right ventricle is pressure-loaded. The CVP is high with large a and v waves, the left heart is underfilled and the arterial pulse is narrow.","","",""
"2 Lesson narration","vo:ards-1","Ventilator › Learn › ARDS: open the lung, keep it open, don’t overstretch it › A small, stiff, heavy lung","ards-1","Acute respiratory distress syndrome. The lungs are inflamed, heavy with protein-rich fluid, and the dependent regions at the back have collapsed. At a PEEP of five, look at how little of the lung is aerated.","","",""
"2 Lesson narration","vo:ards-2","Ventilator › Learn › ARDS: open the lung, keep it open, don’t overstretch it › Down to the alveoli","ards-2","Zoom in to a cluster of alveoli. The upper units are open. The dependent ones at the bottom are collapsed or flooded, and blood keeps flowing past them.","","",""
"2 Lesson narration","vo:ards-3","Ventilator › Learn › ARDS: open the lung, keep it open, don’t overstretch it › Shunt: blood that never meets air","ards-3","Follow the red cells past a collapsed alveolus: they leave as blue as they arrived. This is shunt. Extra oxygen cannot reach these units, which is why the saturation barely moves when you raise the FiO2.","","",""
"2 Lesson narration","vo:ards-4","Ventilator › Learn › ARDS: open the lung, keep it open, don’t overstretch it › A thicker barrier, less surfactant","ards-4","Across the membrane, the interstitium is swollen and the lining fluid is thick. Surfactant is broken into islands, so alveoli collapse at the end of every breath.","","",""
"2 Lesson narration","vo:ards-5","Ventilator › Learn › ARDS: open the lung, keep it open, don’t overstretch it › Raise the PEEP: recruitment","ards-5","Now drop the tidal volume to six millilitres per kilogram and raise the PEEP to sixteen. Pressure at end-expiration holds the dependent alveoli open. Collapsed units re-inflate, the shunt falls, and the blood leaving them turns red.","","",""
"2 Lesson narration","vo:ards-6","Ventilator › Learn › ARDS: open the lung, keep it open, don’t overstretch it › Too much: overdistension","ards-6","Push PEEP to twenty-four and the least dependent alveoli are overstretched. Their walls thin, they compress the capillaries around them, and the plateau pressure climbs past thirty.","","",""
"2 Lesson narration","vo:ards-7","Ventilator › Learn › ARDS: open the lung, keep it open, don’t overstretch it › The target","ards-7","The goal is in between: enough PEEP to keep the dependent lung open, small tidal volumes of about six millilitres per kilogram, a plateau below thirty and a driving pressure below fifteen. Watch the numbers as you choose.","","",""
"2 Lesson narration","vo:ards-8","Ventilator › Learn › ARDS: open the lung, keep it open, don’t overstretch it › The film at PEEP five","ards-8","On a portable film at a PEEP of five, both lungs are white with patchy opacities and air bronchograms, and the heart is a normal size. That is the pattern of ARDS, not of heart failure.","","",""
"2 Lesson narration","vo:ards-9","Ventilator › Learn › ARDS: open the lung, keep it open, don’t overstretch it › The film after recruitment","ards-9","At a PEEP of sixteen the same lungs look clearer, because collapsed units have opened and now hold air. The film changes with the ventilator settings, not only with the disease.","","",""
"2 Lesson narration","vo:ards-10","Ventilator › Learn › ARDS: open the lung, keep it open, don’t overstretch it › The probe at PEEP five","ards-10","With a probe on the side of the chest at a PEEP of five, the B-lines merge into a white lung, and the dependent lung under the probe is consolidated and airless.","","",""
"2 Lesson narration","vo:ards-11","Ventilator › Learn › ARDS: open the lung, keep it open, don’t overstretch it › The probe after recruitment","ards-11","At sixteen there are fewer B-lines and the consolidation has gone: the same recruitment you saw at the alveoli, seen at the bedside in seconds.","","",""
"2 Lesson narration","vo:cr-1","Ventilator › Learn › ARDS vs asthma / COPD: stiff lung or narrow airway? › Peak = resistance + elastance + PEEP","cr-1","In volume control with constant flow, the peak pressure has three parts: PEEP, the pressure to stretch the lung — volume divided by compliance — and the pressure to push flow through the airways — resistance times flow. An inspiratory hold stops the flow, and what remains is the plateau.","","",""
"2 Lesson narration","vo:cr-2","Ventilator › Learn › ARDS vs asthma / COPD: stiff lung or narrow airway? › ARDS: a compliance problem","cr-2","In ARDS the lung is small and stiff. Peak and plateau are both high and close together: the gap between them — the resistive part — is normal. The fix is about volume and PEEP: smaller breaths, keep the plateau under thirty.","","",""
"2 Lesson narration","vo:cr-3","Ventilator › Learn › ARDS vs asthma / COPD: stiff lung or narrow airway? › Asthma: a resistance problem","cr-3","In severe asthma the airways are narrow. The peak pressure is very high, but the plateau is only modestly raised: the big peak-to-plateau gap is resistance. Raising the peak alarm will not help; opening the airways will.","","",""
"2 Lesson narration","vo:cr-4","Ventilator › Learn › ARDS vs asthma / COPD: stiff lung or narrow airway? › Air trapping and auto-PEEP","cr-4","Look at the flow trace: expiratory flow has not returned to zero when the next breath starts. Gas is trapped. An expiratory hold measures the pressure it creates: auto-PEEP, on top of the set PEEP. Trapped gas raises intrathoracic pressure and can drop the blood pressure.","","",""
"2 Lesson narration","vo:cr-5","Ventilator › Learn › ARDS vs asthma / COPD: stiff lung or narrow airway? › Treat the airway, give time to exhale","cr-5","A bronchodilator lowers resistance and a slower rate lengthens expiration. The peak falls, the gap narrows, expiratory flow reaches zero and the auto-PEEP melts away.","","",""
"2 Lesson narration","vo:cr-6","Ventilator › Learn › ARDS vs asthma / COPD: stiff lung or narrow airway? › COPD: flow limitation","cr-6","In COPD the small airways collapse during expiration, limiting flow no matter how hard the patient pushes. The same rules apply: long expiratory times, modest minute ventilation, and measure the trapped pressure.","","",""
"2 Lesson narration","vo:cr-7","Ventilator › Learn › ARDS vs asthma / COPD: stiff lung or narrow airway? › Two films, two problems","cr-7","The films tell the same story. The asthmatic lungs are hyperinflated: dark, over-expanded, with low flat diaphragms and a narrow heart, because trapped air cannot get out. The ARDS film was white.","","",""
"2 Lesson narration","vo:cr-8","Ventilator › Learn › ARDS vs asthma / COPD: stiff lung or narrow airway? › The ultrasound difference","cr-8","On ultrasound the asthmatic lung slides, with A-lines only: full of air, with no fluid. The ARDS lung showed B-lines everywhere. A stiff lung and a narrow airway look different at the bedside.","","",""
"2 Lesson narration","vo:ptx-1","Ventilator › Learn › Tension pneumothorax on the ventilator › Before","ptx-1","A ventilated patient with normal lungs. Note the peak pressure, the saturation and the blood pressure.","","",""
"2 Lesson narration","vo:ptx-2","Ventilator › Learn › Tension pneumothorax on the ventilator › Air under pressure","ptx-2","A leak from the right lung lets air into the pleural space with every positive-pressure breath, and it cannot escape. Pleural pressure rises, the right lung collapses toward the hilum, and the mediastinum is pushed away.","","",""
"2 Lesson narration","vo:ptx-3","Ventilator › Learn › Tension pneumothorax on the ventilator › Shunt and falling saturation","ptx-3","Down at the alveoli, the compressed lung has collapsed but is still perfused: blood passes through without meeting air, and the saturation falls.","","",""
"2 Lesson narration","vo:ptx-4","Ventilator › Learn › Tension pneumothorax on the ventilator › Obstructive shock","ptx-4","The high intrathoracic pressure squeezes the great veins, venous return falls, and cardiac output with it. Peak pressures alarm high, the blood pressure drops and the heart races. This is obstructive shock: a mechanical problem that fluids and pressors cannot fix.","","",""
"2 Lesson narration","vo:ptx-5","Ventilator › Learn › Tension pneumothorax on the ventilator › Decompress","ptx-5","Needle decompression, then a chest tube. The pleural air escapes, the lung re-expands, peak pressure falls, venous return and blood pressure recover, and the saturation climbs.","","",""
"2 Lesson narration","vo:ptx-6","Ventilator › Learn › Tension pneumothorax on the ventilator › What the probe would have shown","ptx-6","Back to the moment before decompression, seen with a linear probe on the front of the chest. On the right the bright pleural line does not shimmer: no sliding, only A-line echoes, and the M-mode is a barcode. On the left the lung slides and the M-mode looks like a seashore. Ultrasound takes seconds, but it confirms — it should never delay decompression in a crashing patient.","","",""
"2 Lesson narration","vo:ptx-7","Ventilator › Learn › Tension pneumothorax on the ventilator › What the film would have shown","ptx-7","The same moment on a portable film: a pleural edge with no lung markings beyond it, a flattened right hemidiaphragm, and the mediastinum pushed to the left. A film like this is a teaching picture; tension is treated on clinical signs.","","",""
"2 Lesson narration","vo:ptx-8","Ventilator › Learn › Tension pneumothorax on the ventilator › A lung point as the lung returns","ptx-8","After decompression the tension is gone, but a little air is still trapped at the front of the chest. Anteriorly there is still no sliding. Move the probe laterally: at one spot sliding appears and disappears with each breath — a lung point, the edge of the remaining air. It confirms a pneumothorax, and it moves outward as the drain lets the lung come back.","","",""
"2 Lesson narration","vo:nd-1","Ventilator › Learn › Needle thoracostomy: site, rib, depth › Tension on the ventilator","nd-1","A ventilated patient with a right tension pneumothorax: high peak and plateau pressures, falling saturation, blood pressure collapsing. The treatment is to let the pleural air out — now.","","",""
"2 Lesson narration","vo:nd-2","Ventilator › Learn › Needle thoracostomy: site, rib, depth › Two sites","nd-2","Two recognised sites: the second intercostal space in the mid-clavicular line, and the fourth or fifth space at the anterior or mid-axillary line, inside the safe triangle. Stay lateral to the nipple line and above it.","","",""
"2 Lesson narration","vo:nd-3","Ventilator › Learn › Needle thoracostomy: site, rib, depth › Over the top of the rib","nd-3","Look at the rib above: its lower edge hides the intercostal vein, artery and nerve. A needle under the upper rib risks bleeding into the chest you are trying to decompress. Go over the top of the rib below.","","",""
"2 Lesson narration","vo:nd-4","Ventilator › Learn › Needle thoracostomy: site, rib, depth › Too short","nd-4","Anteriorly the needle crosses the pectoral muscles. In a heavier patient a five-centimetre catheter ends in muscle. No air, no change — and the attempt looks done when it is not.","","",""
"2 Lesson narration","vo:nd-5","Ventilator › Learn › Needle thoracostomy: site, rib, depth › Lateral, long enough: decompression","nd-5","At the fourth or fifth space laterally, with a longer catheter, over the rib below and perpendicular to the skin: a rush of air as the pleura is crossed. Stop there, advance the catheter off the needle. Watch the peak pressure, the saturation and the blood pressure recover.","","",""
"2 Lesson narration","vo:nd-6","Ventilator › Learn › Needle thoracostomy: site, rib, depth › Too medial, too low","nd-6","Too close to the sternum and you meet the internal thoracic artery, then the heart. Too low and the diaphragm, liver or spleen are in the way. Landmarks matter more than speed.","","",""
"2 Lesson narration","vo:nd-7","Ventilator › Learn › Needle thoracostomy: site, rib, depth › A bridge, not a fix","nd-7","A needle is a bridge. Catheters kink and dislodge, and the tension can return. Reassess often, and follow with a finger thoracostomy or a chest drain.","","",""
"2 Lesson narration","vo:pa-1","Ventilator › Learn › The child’s airway: radius to the fourth power › Radius to the fourth power","pa-1","A child’s airway is not just a smaller copy of an adult’s. It is narrower and softer, and resistance to flow depends on the radius raised to the fourth power. Halve the radius, and the resistance rises sixteen times.","","",""
"2 Lesson narration","vo:pa-2","Ventilator › Learn › The child’s airway: radius to the fourth power › One millimetre of swelling","pa-2","Take one millimetre of swelling all the way round. In an adult airway of eight millimetres, the lumen falls to six, and resistance rises about three times. In an infant airway of four millimetres, it falls to two, and resistance rises sixteen times. The same swelling, a very different child.","","",""
"2 Lesson narration","vo:pa-3","Ventilator › Learn › The child’s airway: radius to the fourth power › Crying makes it worse","pa-3","When a frightened child cries and gasps, flow through the narrowed segment turns turbulent, and the pressure needed rises with the fifth power of the radius: thirty two times. Keeping the child calm, on a parent’s lap, is part of the treatment.","","",""
"2 Lesson narration","vo:pa-4","Ventilator › Learn › The child’s airway: radius to the fourth power › The narrowest ring","pa-4","Just below the vocal cords sits the cricoid, the only complete ring of cartilage in the airway. Swelling there, from infection or from a tube that is too big, has nowhere to go but inward.","","",""
"2 Lesson narration","vo:pa-5","Ventilator › Learn › The child’s airway: radius to the fourth power › The same law in the tube","pa-5","The same law applies to the endotracheal tube. These lungs are healthy and unchanged; only the tube is smaller, seven millimetres instead of eight. Watch the peak pressure: the gap between peak and plateau, the pressure spent on resistance, grows.","","",""
"2 Lesson narration","vo:pa-6","Ventilator › Learn › The child’s airway: radius to the fourth power › Six millimetres","pa-6","At six millimetres that resistive pressure has roughly tripled. A child’s tube may be three and a half millimetres, so a little secretion or a kink takes away a large share of its radius. That is why the tube is the first thing to check when a ventilated child deteriorates.","","",""
"2 Lesson narration","vo:pa-7","Ventilator › Learn › The child’s airway: radius to the fourth power › Back to eight","pa-7","Back to the eight millimetre tube, and the resistive gap closes. Check the tube, then the patient, then the machine.","","",""
"2 Lesson narration","vo:ac-1","Blood gas › Learn › Respiratory vs metabolic acidosis › Two buffers, two organs","ac-1","pH is set by the ratio of bicarbonate to carbon dioxide. The lungs control carbon dioxide within minutes; the kidneys control bicarbonate over days. Normal: pH seven point four, PaCO2 forty, bicarbonate twenty-four.","","",""
"2 Lesson narration","vo:ac-2","Blood gas › Learn › Respiratory vs metabolic acidosis › Acute respiratory acidosis","ac-2","An opioid overdose. Breathing slows, carbon dioxide accumulates, and the pH falls. Bicarbonate barely moves — about one for every ten of CO2 — because the kidneys have not had time. Watch the end-tidal CO2 and the respiratory rate: the cause is on the monitor.","","",""
"2 Lesson narration","vo:ac-3","Blood gas › Learn › Respiratory vs metabolic acidosis › Chronic: the kidneys catch up","ac-3","Leave the same hypoventilation for three days. The kidneys retain bicarbonate — about four for every ten of CO2 — and the pH climbs back toward normal while the CO2 stays high. That is renal compensation, and it takes days.","","",""
"2 Lesson narration","vo:ac-4","Blood gas › Learn › Respiratory vs metabolic acidosis › Metabolic acidosis","ac-4","Now a metabolic acidosis: twelve millimoles of acid added, bicarbonate used up to buffer it. Within minutes the lungs respond — deeper, faster breathing lowers the CO2. Expected PaCO2 is one and a half times the bicarbonate plus eight, give or take two.","","",""
"2 Lesson narration","vo:ac-5","Blood gas › Learn › Respiratory vs metabolic acidosis › When the lungs cannot compensate","ac-5","Put the same patient on a ventilator set to a normal minute ventilation. The compensation is taken away: CO2 rises back toward forty and the pH drops sharply. A metabolic acidosis on the ventilator needs a higher minute ventilation, not a normal one.","","",""
"2 Lesson narration","vo:ac-6","Blood gas › Learn › Respiratory vs metabolic acidosis › Reading the pattern","ac-6","First the pH: acid or alkaline. Then which value explains it: a high CO2 is respiratory, a low bicarbonate is metabolic. Then check the other value: is the compensation what you expect? If not, there is a second process.","","",""
"2 Lesson narration","vo:dka-1","Blood gas › Learn › DKA: acid, water and potassium › No insulin","dka-1","Without insulin, cells cannot take up glucose, so the liver makes more and fat is broken down. Fatty acids are turned into ketoacids. Glucose is over five hundred; the patient is vomiting and breathing deeply.","","",""
"2 Lesson narration","vo:dka-2","Blood gas › Learn › DKA: acid, water and potassium › An anion-gap acidosis","dka-2","Ketoacids use up bicarbonate. The unmeasured ketone anions widen the anion gap. The lungs compensate with Kussmaul breathing, driving the CO2 down.","","",""
"2 Lesson narration","vo:dka-3","Blood gas › Learn › DKA: acid, water and potassium › Osmotic diuresis","dka-3","Glucose spills into the urine and drags water and sodium with it. By the time the patient arrives, several litres have been lost, and the kidneys are underperfused.","","",""
"2 Lesson narration","vo:dka-4","Blood gas › Learn › DKA: acid, water and potassium › Potassium: high in the blood, low in the body","dka-4","Plasma potassium is high, because acidosis and the lack of insulin push potassium out of cells. But the diuresis has been washing it out for days: total-body potassium is low. Insulin will reveal the deficit.","","",""
"2 Lesson narration","vo:dka-5","Blood gas › Learn › DKA: acid, water and potassium › Fluids first","dka-5","The first treatment is fluid. Volume restores perfusion and lets the kidneys clear glucose and ketones.","","",""
"2 Lesson narration","vo:dka-6","Blood gas › Learn › DKA: acid, water and potassium › Insulin — and watch the potassium","dka-6","Insulin stops ketone production and moves potassium back into the cells. Glucose and the anion gap fall — and so does potassium, often below normal. Check it before insulin, and replace it: if potassium is low, give potassium first.","","",""
"2 Lesson narration","vo:dka-7","Blood gas › Learn › DKA: acid, water and potassium › Close the gap","dka-7","Keep the insulin infusion running until the anion gap closes, adding dextrose as glucose falls. The glucose normalises long before the acidosis does.","","",""
"2 Lesson narration","vo:og-1","Blood gas › Learn › Pregnancy: the normal blood gas that isn’t › The reference","og-1","First, a non-pregnant adult breathing room air: a pH of seven point four, a carbon dioxide of forty, a bicarbonate of about twenty four.","","",""
"2 Lesson narration","vo:og-2","Blood gas › Learn › Pregnancy: the normal blood gas that isn’t › Normal at term","og-2","Now a healthy woman at thirty eight weeks. Progesterone makes the respiratory centre more sensitive, so she breathes more: carbon dioxide about thirty. Over weeks her kidneys excrete bicarbonate, down to about twenty, and the pH sits just above normal. For her, this is normal.","","",""
"2 Lesson narration","vo:og-3","Blood gas › Learn › Pregnancy: the normal blood gas that isn’t › Why it helps the baby","og-3","The low maternal carbon dioxide widens the gradient across the placenta, so the fetus can offload its own. Her oxygen is normal or a little high, because less carbon dioxide in the alveoli leaves room for more oxygen.","","",""
"2 Lesson narration","vo:og-4","Blood gas › Learn › Pregnancy: the normal blood gas that isn’t › Thinner blood","og-4","Plasma volume rises by nearly half and red cell mass by about a quarter, so haemoglobin falls to around eleven. Oxygen content is lower, and a higher cardiac output makes up the difference.","","",""
"2 Lesson narration","vo:og-5","Blood gas › Learn › Pregnancy: the normal blood gas that isn’t › The trap: a normal carbon dioxide","og-5","Now a pregnant woman with severe asthma. Her carbon dioxide reads in the forties, which looks normal, but her own normal is thirty. She is retaining carbon dioxide, and with little bicarbonate to buffer it, her pH has already fallen to about seven point three. She is tiring.","","",""
"2 Lesson narration","vo:og-6","Blood gas › Learn › Pregnancy: the normal blood gas that isn’t › Act early","og-6","Treat her as severe: bronchodilators, steroids and magnesium, senior help early, and keep her saturation at ninety five percent or more, because the baby’s oxygen depends on hers. As the airways open, her carbon dioxide falls back toward her own normal.","","",""
"2 Lesson narration","vo:ap-1","Blood gas › Learn › Apnoea: how long the oxygen lasts — child, newborn, pregnancy › The oxygen already on board","ap-1","When breathing stops, the body lives on the oxygen it already holds: a little in the blood, and the gas left in the lungs at the end of a breath, the functional residual capacity. Breathing room air, a healthy adult falls below ninety percent in about a minute.","","",""
"2 Lesson narration","vo:ap-2","Blood gas › Learn › Apnoea: how long the oxygen lasts — child, newborn, pregnancy › Pre-oxygenation fills the tank","ap-2","Breathing pure oxygen through a tight seal for three minutes washes the nitrogen out of that lung volume and replaces it with oxygen. Now the same adult stays above ninety percent for about eight minutes. Nothing else we do buys as much time.","","",""
"2 Lesson narration","vo:ap-3","Blood gas › Learn › Apnoea: how long the oxygen lasts — child, newborn, pregnancy › The cliff","ap-3","Look at the shape. The saturation hardly moves while the lung store drains, because the top of the dissociation curve is flat. Once alveolar oxygen falls to about sixty, the curve turns steep and the saturation falls off a cliff. Stop and re-oxygenate before the edge, not after it.","","",""
"2 Lesson narration","vo:ap-4","Blood gas › Learn › Apnoea: how long the oxygen lasts — child, newborn, pregnancy › Pregnancy","ap-4","At term the uterus pushes the diaphragm up, so the functional residual capacity is about a fifth smaller, while mother, placenta and baby consume more oxygen. The tank is smaller and drains faster: about five minutes instead of eight, and the baby shares the deficit.","","",""
"2 Lesson narration","vo:ap-5","Blood gas › Learn › Apnoea: how long the oxygen lasts — child, newborn, pregnancy › Obesity","ap-5","Lying flat, the weight of the abdomen and chest wall squeezes the lungs, and more tissue uses more oxygen. Even well pre-oxygenated, this patient may have under four minutes.","","",""
"2 Lesson narration","vo:ap-6","Blood gas › Learn › Apnoea: how long the oxygen lasts — child, newborn, pregnancy › The child","ap-6","A four year old uses nearly twice as much oxygen per kilo as an adult, from a smaller lung volume per kilo. Pre-oxygenated, the saturation holds for about three minutes. On room air, it is seconds.","","",""
"2 Lesson narration","vo:ap-7","Blood gas › Learn › Apnoea: how long the oxygen lasts — child, newborn, pregnancy › Infant and newborn","ap-7","Infants are faster still. Their soft chest wall lets the lung volume collapse once they are asleep or paralysed, and their oxygen use per kilo is the highest of any age. Under two minutes is typical. Fetal haemoglobin holds oxygen tightly, which helps the newborn a little, but the reserve is tiny.","","",""
"2 Lesson narration","vo:ap-8","Blood gas › Learn › Apnoea: how long the oxygen lasts — child, newborn, pregnancy › Buying time","ap-8","What buys time: a good seal and full pre-oxygenation, head-up positioning in obesity and pregnancy, oxygen flowing through the nose during the attempt, and a plan agreed beforehand: the time or saturation at which you stop, and ventilate.","","",""
"2 Lesson narration","vo:hks-1","Labs › Learn › Hyperkalaemia: the membrane, the ECG, the rescue › A membrane held at −85 mV","hks-1","Heart muscle cells hold about one hundred and forty millimoles of potassium inside, against about four outside. That gradient, leaking out through potassium channels, holds the resting membrane near minus eighty-five millivolts.","","",""
"2 Lesson narration","vo:hks-2","Labs › Learn › Hyperkalaemia: the membrane, the ECG, the rescue › The pump keeps the gradient","hks-2","The sodium potassium pump spends ATP to carry two potassium ions in for every three sodium ions out. Keep an eye on it; it becomes a treatment later.","","",""
"2 Lesson narration","vo:hks-3","Labs › Learn › Hyperkalaemia: the membrane, the ECG, the rescue › The kidneys fail and potassium climbs","hks-3","With the kidneys failing, plasma potassium rises. The outward leak weakens, the resting potential creeps toward threshold, and the ECG changes in order: tall peaked T waves, then a longer PR and flattened P waves, then a widening QRS.","","",""
"2 Lesson narration","vo:hks-4","Labs › Learn › Hyperkalaemia: the membrane, the ECG, the rescue › A sine wave is a pre-arrest rhythm","hks-4","Above about nine, the widened QRS runs into the T wave. This sine-wave pattern comes just before ventricular fibrillation or asystole.","","",""
"2 Lesson narration","vo:hks-5","Labs › Learn › Hyperkalaemia: the membrane, the ECG, the rescue › Stabilise: calcium","hks-5","Calcium goes in first. Potassium stays exactly where it was. Calcium raises the threshold potential, re-opening the gap between rest and threshold, and the QRS narrows within minutes. It buys roughly thirty to sixty minutes.","","",""
"2 Lesson narration","vo:hks-6","Labs › Learn › Hyperkalaemia: the membrane, the ECG, the rescue › Shift: insulin and dextrose","hks-6","Insulin with dextrose drives the sodium potassium pump harder, moving potassium back into cells. Plasma potassium falls by about one. Nebulised salbutamol works the same way. None of it has left the body.","","",""
"2 Lesson narration","vo:hks-7","Labs › Learn › Hyperkalaemia: the membrane, the ECG, the rescue › The rebound","hks-7","Hours later the insulin has worn off and potassium leaks back out of the cells. Shifting is temporary.","","",""
"2 Lesson narration","vo:hks-8","Labs › Learn › Hyperkalaemia: the membrane, the ECG, the rescue › Remove: dialysis","hks-8","Removal is the cure: dialysis, gut binders, or diuretics if the kidneys still work. Stabilise, shift, remove. Then repeat the ECG and the potassium.","","",""
"2 Lesson narration","vo:co-1","Labs › Learn › Reversing anticoagulation: warfarin, heparin and clots that dissolve › Normal clotting","co-1","When a vessel tears, platelets plug the hole, and clotting factors made by the liver generate thrombin, which weaves fibrinogen into a fibrin mesh. The trace shows a clot forming on time and staying firm.","","",""
"2 Lesson narration","vo:co-2","Labs › Learn › Reversing anticoagulation: warfarin, heparin and clots that dissolve › Warfarin, INR over six","co-2","Warfarin blocks the recycling of vitamin K, so the liver makes clotting factors that cannot work. Here only about seven percent of factors two, seven, nine and ten are active. The INR is over six, the clot forms late and weak, and this patient is bleeding.","","",""
"2 Lesson narration","vo:co-3","Labs › Learn › Reversing anticoagulation: warfarin, heparin and clots that dissolve › Prothrombin complex concentrate","co-3","Prothrombin complex concentrate replaces those four factors directly. Thirty minutes later the INR is close to normal and the clot forms on time.","","",""
"2 Lesson narration","vo:co-4","Labs › Learn › Reversing anticoagulation: warfarin, heparin and clots that dissolve › A day later, without vitamin K","co-4","But factor seven lasts only about six hours. Without vitamin K the liver still cannot make working factors, and a day later the INR has climbed back toward three.","","",""
"2 Lesson narration","vo:co-5","Labs › Learn › Reversing anticoagulation: warfarin, heparin and clots that dissolve › With vitamin K","co-5","Give intravenous vitamin K with the concentrate, and the liver takes over as the concentrate is used up. A day later the INR is still normal.","","",""
"2 Lesson narration","vo:co-6","Labs › Learn › Reversing anticoagulation: warfarin, heparin and clots that dissolve › Heparin","co-6","Heparin works differently. It supercharges antithrombin, which switches off thrombin and factor ten A. The INR hardly moves, but the aPTT is several times normal.","","",""
"2 Lesson narration","vo:co-7","Labs › Learn › Reversing anticoagulation: warfarin, heparin and clots that dissolve › Protamine","co-7","Protamine is strongly positive and binds the negative heparin chains. Within minutes the aPTT is back to normal. If an infusion were still running it would climb again, so stop the heparin first.","","",""
"2 Lesson narration","vo:co-8","Labs › Learn › Reversing anticoagulation: warfarin, heparin and clots that dissolve › When clots dissolve","co-8","Major trauma can switch on fibrinolysis: clots break down almost as fast as they form, and fibrinogen is consumed. The trace rises, then melts away, and fibrinogen falls toward one hundred.","","",""
"2 Lesson narration","vo:co-9","Labs › Learn › Reversing anticoagulation: warfarin, heparin and clots that dissolve › Tranexamic acid, then fibrinogen","co-9","Tranexamic acid stops plasminogen binding to fibrin, so clots hold; it works best within three hours of injury. Replacing fibrinogen, with cryoprecipitate or concentrate, restores the strength of the clot.","","",""
"2 Lesson narration","vo:sh-0","Lines › Learn › Shock states at the bedside › Four ways to fail","sh-0","Blood pressure is flow times resistance: mean arterial pressure is cardiac output times systemic vascular resistance, plus the venous pressure. Shock is inadequate tissue perfusion, and every type breaks a different part of that equation. This is a normal patient for comparison.","","",""
"2 Lesson narration","vo:sh-1","Lines › Learn › Shock states at the bedside › Distributive: the resistance falls","sh-1","Septic shock. Inflammatory mediators relax the arterioles, so resistance collapses. The heart speeds up and output is normal or high. On the arterial line the diastolic pressure is low, the pulse pressure is wide for the mean pressure, and the dicrotic notch sits low on the downstroke.","","",""
"2 Lesson narration","vo:sh-2","Lines › Learn › Shock states at the bedside › Norepinephrine restores tone","sh-2","After fluid, norepinephrine constricts the arterioles through alpha-1 receptors. Resistance rises, the diastolic pressure and mean pressure come up, and the heart rate barely changes. The target is a mean pressure of about sixty-five.","","",""
"2 Lesson narration","vo:sh-3","Lines › Learn › Shock states at the bedside › Cardiogenic: the pump fails","sh-3","Cardiogenic shock. A failing left ventricle ejects a small stroke volume, so the pulse pressure is narrow. Blood backs up: filling pressures and the CVP are high. Resistance rises as the body tries to hold the pressure, which makes the weak heart work harder.","","",""
"2 Lesson narration","vo:sh-4","Lines › Learn › Shock states at the bedside › Dobutamine: squeeze harder","sh-4","Dobutamine stimulates beta-1 receptors on the myocardium. Contractility and stroke volume rise and resistance falls a little, so cardiac output climbs. Pressure may not rise much; a vasopressor is often needed alongside. Fluids would only raise the CVP further.","","",""
"2 Lesson narration","vo:sh-5","Lines › Learn › Shock states at the bedside › Obstructive: tamponade","sh-5","Cardiac tamponade. Fluid in the pericardium squeezes the heart from outside, so the chambers cannot fill. The CVP is high, the pressures in all four chambers move toward the same value, and the stroke volume is small. The heart is fast, the pulse pressure narrow.","","",""
"2 Lesson narration","vo:sh-6","Lines › Learn › Shock states at the bedside › Pulsus paradoxus","sh-6","Watch the arterial trace with breathing. On inspiration the right heart fills, the septum bulges left, and the left ventricle fills even less: systolic pressure drops more than ten millimetres of mercury. That exaggerated fall is pulsus paradoxus.","","",""
"2 Lesson narration","vo:sh-7","Lines › Learn › Shock states at the bedside › Pericardiocentesis","sh-7","Draining even a small volume of pericardial fluid releases the heart. Filling recovers, the CVP falls, stroke volume and cardiac output return, and the paradox disappears.","","",""
"2 Lesson narration","vo:sh-8","Lines › Learn › Shock states at the bedside › Hypovolaemic: the tank is empty","sh-8","Haemorrhagic shock. With too little blood, venous return and preload fall: the CVP is low, the stroke volume small and the pulse pressure narrow. Resistance and heart rate rise to compensate. On the ventilator, each breath squeezes the small preload further, so the pulse pressure varies widely with breathing — a high pulse pressure variation.","","",""
"2 Lesson narration","vo:sh-9","Lines › Learn › Shock states at the bedside › Volume, then blood","sh-9","Give volume, and in haemorrhage give blood: it restores preload and oxygen-carrying capacity together. Stroke volume rises, the pulse pressure widens, the variation with breathing shrinks and the heart slows. Stopping the bleeding is the definitive treatment.","","",""
"2 Lesson narration","vo:sh-10","Lines › Learn › Shock states at the bedside › Read the pattern","sh-10","Low resistance with high output: distributive. Low output with high filling pressures: cardiogenic. High filling pressures with a heart that cannot fill: obstructive. Low output with low filling pressures: hypovolaemic. The monitor tells you which lever to pull.","","",""
"2 Lesson narration","vo:do-1","Lines › Learn › Oxygen delivery: DO₂ = CO × CaO₂ › The equation","do-1","Oxygen content is mostly haemoglobin carrying oxygen: one point three four times haemoglobin times saturation, plus a tiny dissolved amount. Delivery is content times cardiac output. Normally about a thousand millilitres a minute is delivered and a quarter is used, so venous blood returns about seventy-five percent saturated.","","",""
"2 Lesson narration","vo:do-2","Lines › Learn › Oxygen delivery: DO₂ = CO × CaO₂ › Anaemia halves the content","do-2","Halve the haemoglobin. The saturation is unchanged — the pulse oximeter looks perfect — but the oxygen content has halved. A healthy heart raises its output and thinner blood lowers the resistance, which recovers part of the delivery. The oximeter measures the percentage of haemoglobin that is full, not how much haemoglobin there is.","","",""
"2 Lesson narration","vo:do-3","Lines › Learn › Oxygen delivery: DO₂ = CO × CaO₂ › A failing heart cannot compensate","do-3","Give the same anaemia to a patient whose heart cannot raise its output. Now delivery falls far below what the tissues need: venous saturation drops and lactate starts to climb.","","",""
"2 Lesson narration","vo:do-4","Lines › Learn › Oxygen delivery: DO₂ = CO × CaO₂ › Hypoxaemia lowers saturation","do-4","Now keep the haemoglobin normal but add shunt in the lungs. The saturation falls, and content falls with it — but less than you might expect, because of the shape of the dissociation curve.","","",""
"2 Lesson narration","vo:do-5","Lines › Learn › Oxygen delivery: DO₂ = CO × CaO₂ › Low output: cardiogenic shock","do-5","With normal blood but a failing pump, delivery falls in proportion to the output. The tissues extract more, venous saturation falls, and lactate rises as cells switch to anaerobic metabolism.","","",""
"2 Lesson narration","vo:do-6","Lines › Learn › Oxygen delivery: DO₂ = CO × CaO₂ › High delivery, still lactic: sepsis","do-6","Septic shock can have a high cardiac output and high delivery, yet lactate is raised: blood is poorly distributed through the microcirculation, and the cells themselves use oxygen badly. A normal or high venous saturation does not rule out tissue hypoxia.","","",""
"2 Lesson narration","vo:ht-1","Lines › Learn › Haemorrhagic shock and transfusion › Before","ht-1","A healthy adult. Note the haemoglobin, the pressures, and the oxygen delivery.","","",""
"2 Lesson narration","vo:ht-2","Lines › Learn › Haemorrhagic shock and transfusion › Early: the haemoglobin lies","ht-2","Rapid bleeding. What is lost is whole blood, so the haemoglobin concentration is almost unchanged at first. The problem is volume: low preload, low CVP, small stroke volume, narrow pulse pressure, a fast heart and falling delivery.","","",""
"2 Lesson narration","vo:ht-3","Lines › Learn › Haemorrhagic shock and transfusion › Crystalloid dilutes","ht-3","Two litres of crystalloid restore some volume and pressure, but now the haemoglobin falls: the remaining red cells are diluted. Delivery improves less than the blood pressure suggests, and much of the crystalloid leaves the circulation within an hour.","","",""
"2 Lesson narration","vo:ht-4","Lines › Learn › Haemorrhagic shock and transfusion › Give blood","ht-4","Packed red cells restore volume and oxygen-carrying capacity together. Stroke volume and pulse pressure rise, the heart slows, the haemoglobin climbs and delivery improves. In major haemorrhage, give plasma and platelets with the red cells, and calcium.","","",""
"2 Lesson narration","vo:ht-5","Lines › Learn › Haemorrhagic shock and transfusion › Watch for a reaction","ht-5","During every unit, watch the patient. Fever, rigors, a sudden fall in pressure, wheeze, urticaria, back pain or dark urine suggest a reaction. Stop the transfusion, keep the line open with saline, check the patient and the product, and follow your transfusion protocol.","","",""
"2 Lesson narration","vo:ht-6","Lines › Learn › Haemorrhagic shock and transfusion › Stop the bleeding","ht-6","Transfusion buys time. Definitive treatment is control of the bleeding: pressure, tourniquet, surgery or interventional radiology.","","",""
"2 Lesson narration","vo:iabp-1","Lines › Learn › Intra-aortic balloon pump timing › Why a balloon","iabp-1","A failing left ventricle, low cardiac output. A balloon in the descending aorta inflates in diastole and deflates just before systole: it pushes blood back toward the coronaries while the heart relaxes, and leaves an emptier aorta for the next beat to eject into.","","",""
"2 Lesson narration","vo:iabp-2","Lines › Learn › Intra-aortic balloon pump timing › Reading 1:2","iabp-2","At one-to-two every other beat is assisted, so the trace compares itself. Find the unassisted systole, the dicrotic notch, then the diastolic augmentation — ideally as high as systole or higher.","","",""
"2 Lesson narration","vo:iabp-3","Lines › Learn › Intra-aortic balloon pump timing › Two end-diastolic pressures","iabp-3","Deflation drops the pressure just before the next beat: the balloon-assisted end-diastolic pressure should be lower than the patient’s own, and the assisted systole lower than the unassisted one. That is the afterload reduction.","","",""
"2 Lesson narration","vo:iabp-4","Lines › Learn › Intra-aortic balloon pump timing › Early inflation","iabp-4","Inflate too early and the balloon meets a ventricle that is still ejecting. The notch disappears, the aortic valve closes early and stroke volume falls.","","",""
"2 Lesson narration","vo:iabp-5","Lines › Learn › Intra-aortic balloon pump timing › Late inflation","iabp-5","Inflate late and you see the notch, then a gap, then a smaller augmentation. Less diastolic pressure means less coronary benefit.","","",""
"2 Lesson narration","vo:iabp-6","Lines › Learn › Intra-aortic balloon pump timing › Early deflation","iabp-6","Deflate too early and the augmentation falls away in mid-diastole; the pressure drifts back up before the next beat, so there is no afterload reduction — the assisted systole is no lower.","","",""
"2 Lesson narration","vo:iabp-7","Lines › Learn › Intra-aortic balloon pump timing › Late deflation — the dangerous one","iabp-7","Deflate late and the ventricle starts ejecting against a balloon that is still full. The assisted end-diastolic pressure is higher than the patient’s own: afterload and myocardial oxygen demand go up.","","",""
"2 Lesson narration","vo:iabp-8","Lines › Learn › Intra-aortic balloon pump timing › Your turn","iabp-8","Now read one yourself. Name the timing error from its shape, then try the next trace.","","",""
"2 Lesson narration","vo:cvc-1","Lines › Learn › Ultrasound-guided IJ: seeing the tip › Short axis","cvc-1","Transverse view of the right side of the neck, lateral on the left of the screen. Two black circles: the internal jugular vein, lateral and superficial, under the sternocleidomastoid — and the carotid artery, medial and deeper, with a thick bright wall.","","",""
"2 Lesson narration","vo:cvc-2","Lines › Learn › Ultrasound-guided IJ: seeing the tip › Compress","cvc-2","Press gently. The vein flattens and disappears; the artery stays round and keeps pulsing. If the vein will not compress, think thrombus.","","",""
"2 Lesson narration","vo:cvc-3","Lines › Learn › Ultrasound-guided IJ: seeing the tip › Fill the vein","cvc-3","Tilt head-down and the vein grows. In a hypovolaemic patient it is small and soft, and it collapses in front of the needle.","","",""
"2 Lesson narration","vo:cvc-4","Lines › Learn › Ultrasound-guided IJ: seeing the tip › The out-of-plane trap","cvc-4","Out of plane the beam is a thin slice. The bright dot is wherever the needle crosses it — here the shaft, at the front of the vein. The side view shows the truth: the tip is well over a centimetre deeper, already through the back wall.","","",""
"2 Lesson narration","vo:cvc-5","Lines › Learn › Ultrasound-guided IJ: seeing the tip › Walk the tip","cvc-5","Instead, slide the probe with the needle so the dot you see is the tip. Advance a little, find the tip, advance again — until it sits in the middle of the vein and dark blood fills the syringe.","","",""
"2 Lesson narration","vo:cvc-6","Lines › Learn › Ultrasound-guided IJ: seeing the tip › Long axis, in plane","cvc-6","Turn to long axis with the needle in plane and the whole shaft and tip are visible entering the vein. Harder to hold steady, but no guessing about depth.","","",""
"2 Lesson narration","vo:cvc-7","Lines › Learn › Ultrasound-guided IJ: seeing the tip › The wrong vessel","cvc-7","Aim too medially and the needle finds the carotid. Do not trust colour — in shock and hypoxaemia arterial blood can look dark. A pulsatile flow and an arterial pressure on the transducer settle it. Remove the needle and compress.","","",""
"2 Lesson narration","vo:cvc-8","Lines › Learn › Ultrasound-guided IJ: seeing the tip › When the vein lies on the artery","cvc-8","Turn the head too far and the vein rolls over the artery. A needle that goes through both walls of the vein arrives in the carotid. Keep the tip in view.","","",""
"2 Lesson narration","vo:cvc-9","Lines › Learn › Ultrasound-guided IJ: seeing the tip › See the wire","cvc-9","Before any dilator: find the wire as a bright echo inside the vein, in short axis and again in long axis. Only then dilate — to the depth of the vessel, never beyond — and keep hold of the wire until the catheter is in.","","",""
"2 Lesson narration","vo:oc-1","Lines › Learn › The pregnant circulation: position and postpartum haemorrhage › The term circulation","oc-1","At term the heart pumps about forty percent more blood: a bigger stroke volume, and a heart rate fifteen beats faster. The placenta is a low resistance circuit and progesterone relaxes vessels, so diastolic pressure runs a little low. Her blood volume is about six and a half litres.","","",""
"2 Lesson narration","vo:oc-2","Lines › Learn › The pregnant circulation: position and postpartum haemorrhage › Flat on her back","oc-2","Lay her flat, and the heavy uterus compresses the inferior vena cava against the spine. Less blood returns to the heart, output falls by up to a third, and the pressure drops. The placenta cannot autoregulate, so the baby feels the fall first.","","",""
"2 Lesson narration","vo:oc-3","Lines › Learn › The pregnant circulation: position and postpartum haemorrhage › Displace the uterus","oc-3","Push the uterus up and to her left, or tilt her fifteen to thirty degrees, and venous return comes back within a minute. In a collapsed woman beyond about twenty weeks, this goes with the first compressions.","","",""
"2 Lesson narration","vo:oc-4","Lines › Learn › The pregnant circulation: position and postpartum haemorrhage › A litre lost","oc-4","After delivery she bleeds. A litre is only about fifteen percent of her expanded volume, so the pressure barely changes and the heart rate creeps up. The shock index, heart rate divided by systolic pressure, is already close to one.","","",""
"2 Lesson narration","vo:oc-5","Lines › Learn › The pregnant circulation: position and postpartum haemorrhage › Nearly two litres","oc-5","At nearly two litres she is compensating hard: a fast heart rate, a narrow pulse pressure, cool hands. The systolic pressure is still around ninety. Young pregnant women hold their pressure until very late; a shock index well above one tells the truth.","","",""
"2 Lesson narration","vo:oc-6","Lines › Learn › The pregnant circulation: position and postpartum haemorrhage › Decompensation","oc-6","Beyond about a third of her volume the vasoconstriction runs out, and the pressure falls fast. This is late. She needs blood, not more crystalloid, and the bleeding stopped.","","",""
"2 Lesson narration","vo:oc-7","Lines › Learn › The pregnant circulation: position and postpartum haemorrhage › Stop the bleeding, replace blood","oc-7","Treat the cause and the volume together: uterine massage and uterotonic drugs for an atonic uterus, the commonest cause; tranexamic acid early; warmed blood and products; calcium; and early obstetric and anaesthetic help. Here, blood restores her output.","","",""
"2 Lesson narration","vo:ps-1","Lines › Learn › Shock in a child: the pressure is the last thing to go › A well four year old","ps-1","A well four year old weighing sixteen kilos. The heart rate is about a hundred and the systolic pressure about ninety. Her whole blood volume is only about eighty millilitres per kilo, around one point three litres. A child’s small heart cannot raise its stroke volume much, so output depends on heart rate.","","",""
"2 Lesson narration","vo:ps-2","Lines › Learn › Shock in a child: the pressure is the last thing to go › Fifteen percent lost","ps-2","She has lost about two hundred millilitres, fifteen percent of her volume. The heart rate climbs past the normal range, the pulse pressure narrows, and capillary refill slows. The blood pressure has not fallen at all.","","",""
"2 Lesson narration","vo:ps-3","Lines › Learn › Shock in a child: the pressure is the last thing to go › Compensated shock","ps-3","At a quarter of her volume she is pale, mottled and tachycardic above one hundred and fifty, with a capillary refill of four seconds. Her systolic pressure is still normal. This is compensated shock, and it must be recognised now, from the heart rate and the skin.","","",""
"2 Lesson narration","vo:ps-4","Lines › Learn › Shock in a child: the pressure is the last thing to go › Decompensation","ps-4","Beyond about a third, vasoconstriction can no longer hold the pressure, and it falls below seventy plus twice her age. Hypotension in a child is a late sign: she has lost nearly forty percent of her blood.","","",""
"2 Lesson narration","vo:ps-5","Lines › Learn › Shock in a child: the pressure is the last thing to go › Bradycardia: arrest is close","ps-5","Now the heart rate falls. In a shocked child, bradycardia is not improvement: it means the heart is failing from lack of oxygen, and cardiac arrest is close.","","",""
"2 Lesson narration","vo:ps-6","Lines › Learn › Shock in a child: the pressure is the last thing to go › Blood, in small measured boluses","ps-6","Treat with blood in boluses of about ten millilitres per kilo, reassessing heart rate, pressure and refill after each, while the bleeding is controlled. After two boluses her pressure and heart rate have recovered. Doses and volumes follow your paediatric protocol.","","",""
"2 Lesson narration","vo:tib-1","Brain › Learn › Time is brain: a left M1 occlusion › Four inflows, one ring","tib-1","Two internal carotids and two vertebral arteries feed the brain. At its base, the Circle of Willis links them, so flow can reroute around a blocked feeder.","","",""
"2 Lesson narration","vo:tib-2","Brain › Learn › Time is brain: a left M1 occlusion › A clot in the left M1","tib-2","A thrombus lodges in the left middle cerebral artery, beyond the circle. Nothing in the ring can bypass it. Flow past the clot stops.","","",""
"2 Lesson narration","vo:tib-3","Brain › Learn › Time is brain: a left M1 occlusion › Core and penumbra","tib-3","The deep territory, fed only by end arteries, dies within minutes. That is the core, in magenta. Around it, tissue fed thinly by collaterals from the anterior and posterior cerebral arteries is silent but alive. That is the penumbra, in amber.","","",""
"2 Lesson narration","vo:tib-4","Brain › Learn › Time is brain: a left M1 occlusion › The penumbra shrinks with time","tib-4","Hour by hour, penumbra converts to core. The lower the flow in a region, the sooner it infarcts.","","",""
"2 Lesson narration","vo:tib-5","Brain › Learn › Time is brain: a left M1 occlusion › Collateral flow is pressure-passive","tib-5","Ischaemic vessels have lost autoregulation, so collateral flow follows blood pressure. Let the mean arterial pressure fall to sixty and the core grows faster.","","",""
"2 Lesson narration","vo:tib-6","Brain › Learn › Time is brain: a left M1 occlusion › Protect the pressure","tib-6","Restore the pressure, and the penumbra holds on longer.","","",""
"2 Lesson narration","vo:tib-7","Brain › Learn › Time is brain: a left M1 occlusion › Reopen the artery","tib-7","Thrombectomy at four hours restores flow. The core that already died stays. Everything still in the penumbra is saved. That difference is the reason for speed.","","",""
"2 Lesson narration","vo:tib-8","Brain › Learn › Time is brain: a left M1 occlusion › Two patients, one clot","tib-8","The same clot, a different outcome. The size of the final infarct is set by collaterals, blood pressure and, above all, time to reperfusion.","","",""
"2 Lesson narration","vo:tm-1","Brain › Learn › Stroke time machine: onset to reperfusion › 0 min · Onset","tm-1","Minute zero. A clot blocks the left middle cerebral artery. Right-sided weakness and aphasia start at once.","","",""
"2 Lesson narration","vo:tm-2","Brain › Learn › Stroke time machine: onset to reperfusion › 0–45 min · Scene and transport","tm-2","While the crew recognises a large-vessel stroke and transports, the core is already growing from the deep territory outward.","","",""
"2 Lesson narration","vo:tm-3","Brain › Learn › Stroke time machine: onset to reperfusion › 45–60 min · Door → non-contrast CT","tm-3","At the hospital the first scan is a non-contrast CT, to exclude bleeding. There is no haemorrhage. Look for the hyperdense clot in the left middle cerebral artery, and subtle loss of grey–white differentiation in the deep grey matter.","","",""
"2 Lesson narration","vo:tm-4","Brain › Learn › Stroke time machine: onset to reperfusion › CT angiogram","tm-4","The CT angiogram shows the cut-off: contrast stops at the clot, and the branches beyond fill only faintly, backwards, through collaterals.","","",""
"2 Lesson narration","vo:tm-5","Brain › Learn › Stroke time machine: onset to reperfusion › CT perfusion","tm-5","Perfusion maps separate tissue that is already lost, with very low blood flow, from tissue that is only delayed. A large delayed area around a small core is a mismatch — salvageable brain.","","",""
"2 Lesson narration","vo:tm-6","Brain › Learn › Stroke time machine: onset to reperfusion › 72–150 min · Thrombectomy","tm-6","The patient goes for thrombectomy. At two and a half hours from onset the clot is pulled out and flow returns.","","",""
"2 Lesson narration","vo:tm-7","Brain › Learn › Stroke time machine: onset to reperfusion › 24 h · Final infarct","tm-7","A day later, the final infarct is the core that existed at reperfusion. Everything that was still penumbra has been saved.","","",""
"2 Lesson narration","vo:tm-8","Brain › Learn › Stroke time machine: onset to reperfusion › What every hour costs","tm-8","Use the numbers under the images: the same patient, reopened an hour later, keeps a larger infarct. Minutes at every step — scene, door, scan, groin — become brain.","","",""
"2 Lesson narration","vo:lvo-1","Brain › Learn › Large-vessel occlusion: recognise, confirm, decide › Cortical signs point to a large vessel","lvo-1","A left middle cerebral artery occlusion takes out the language cortex and the motor strip for face and arm. Expect aphasia, right-sided weakness worse in face and arm than leg, and the eyes deviated toward the left — toward the lesion.","","",""
"2 Lesson narration","vo:lvo-2","Brain › Learn › Large-vessel occlusion: recognise, confirm, decide › The other side looks different","lvo-2","On the right, the same clot causes left-sided weakness with neglect: the patient ignores the left side of the world and may deny the weakness. Cortical signs like these, with a dense deficit, suggest a large vessel rather than a small lacune.","","",""
"2 Lesson narration","vo:lvo-3","Brain › Learn › Large-vessel occlusion: recognise, confirm, decide › CTA confirms the target","lvo-3","Back to the left-sided stroke. The angiogram shows where contrast stops. That is the target for thrombectomy.","","",""
"2 Lesson narration","vo:lvo-4","Brain › Learn › Large-vessel occlusion: recognise, confirm, decide › Poor collaterals: a fast progressor","lvo-4","With poor collaterals, almost the whole territory is already core by ninety minutes. The perfusion maps show little left to save.","","",""
"2 Lesson narration","vo:lvo-5","Brain › Learn › Large-vessel occlusion: recognise, confirm, decide › Good collaterals: a slow progressor","lvo-5","With good collaterals, the same clot at the same time leaves a small core and a large penumbra. These patients can benefit even many hours later.","","",""
"2 Lesson narration","vo:lvo-6","Brain › Learn › Large-vessel occlusion: recognise, confirm, decide › Transport decisions spend minutes","lvo-6","For a moderate-collateral patient, look at the final-core numbers: reopening now, in one hour, or in three hours. A detour to a hospital that cannot do thrombectomy usually costs that hour. That is why large-vessel screening in the field matters.","","",""
"2 Lesson narration","vo:ich-1","Brain › Learn › Intracerebral haemorrhage: the first hours › A bleed, not a clot","ich-1","A hypertensive bleed in the left basal ganglia. On non-contrast CT fresh blood is bright. This is why every stroke gets a scan before any clot-dissolving drug.","","",""
"2 Lesson narration","vo:ich-2","Brain › Learn › Intracerebral haemorrhage: the first hours › Estimating the volume","ich-2","Bedside volume estimate: multiply the largest diameter by the perpendicular diameter by the number of slices with blood, in centimetres, and halve it. Thirty millilitres is a common threshold for a worse outcome.","","",""
"2 Lesson narration","vo:ich-3","Brain › Learn › Intracerebral haemorrhage: the first hours › It grows — faster at high pressure","ich-3","Many haematomas keep growing in the first few hours. With a systolic pressure near one hundred and ninety, watch the volume and the midline shift climb.","","",""
"2 Lesson narration","vo:ich-4","Brain › Learn › Intracerebral haemorrhage: the first hours › Lower the pressure early","ich-4","Rewind and lower the systolic pressure to about one hundred and forty from the start. The same bleed grows less. Early, smooth pressure control and reversing any anticoagulant are the core of the first hour.","","",""
"2 Lesson narration","vo:ich-5","Brain › Learn › Intracerebral haemorrhage: the first hours › Mass effect","ich-5","A growing clot pushes the midline across and raises intracranial pressure. Falling consciousness, a new blown pupil or vomiting means the mass effect is winning.","","",""
"2 Lesson narration","vo:sah-1","Brain › Learn › Subarachnoid haemorrhage and vasospasm › Blood in the cisterns","sah-1","A ruptured aneurysm on the circle of Willis fills the basal cisterns and the Sylvian fissures with blood: the bright star shape around the circle on non-contrast CT. The story is a sudden, worst-ever headache.","","",""
"2 Lesson narration","vo:sah-2","Brain › Learn › Subarachnoid haemorrhage and vasospasm › Where aneurysms sit","sah-2","Most aneurysms arise at branch points of the circle: the anterior communicating, the posterior communicating origin, and the middle cerebral bifurcation. Securing the aneurysm early prevents a re-bleed.","","",""
"2 Lesson narration","vo:sah-3","Brain › Learn › Subarachnoid haemorrhage and vasospasm › Days 3 to 14: vasospasm","sah-3","Days later, blood breakdown products make the arteries around the circle constrict. Narrowed vessels on angiography, and delayed ischaemia in their territories: a new deficit or falling consciousness between day three and day fourteen.","","",""
"2 Lesson narration","vo:sah-4","Brain › Learn › Subarachnoid haemorrhage and vasospasm › Protecting the brain","sah-4","Keep the patient euvolaemic, avoid hypotension, give nimodipine, and watch closely for a new deficit so spasm can be treated early.","","",""
"2 Lesson narration","vo:icp-1","Brain › Learn › ICP, herniation and the EVD › A closed box","icp-1","The skull holds brain, blood and cerebrospinal fluid. Its volume is fixed, so anything new — a haematoma, swelling, trapped fluid — has to be paid for by pushing something else out.","","",""
"2 Lesson narration","vo:icp-2","Brain › Learn › ICP, herniation and the EVD › Compensation","icp-2","A twenty millilitre haematoma. Cerebrospinal fluid moves down into the spinal canal and venous blood leaves the skull. The pressure barely moves: this is the flat part of the curve.","","",""
"2 Lesson narration","vo:icp-3","Brain › Learn › ICP, herniation and the EVD › Past the knee","icp-3","At about fifty millilitres the buffers are used up. Every extra millilitre now raises the pressure steeply. The waveform shows it too: the second peak rises above the first as the brain stiffens.","","",""
"2 Lesson narration","vo:icp-4","Brain › Learn › ICP, herniation and the EVD › Cerebral perfusion pressure","icp-4","Blood reaches the brain at the mean arterial pressure minus the intracranial pressure. Let the blood pressure fall to a mean of seventy and the perfusion pressure drops toward forty: ischaemia without any blocked artery.","","",""
"2 Lesson narration","vo:icp-5","Brain › Learn › ICP, herniation and the EVD › Uncal herniation","icp-5","More volume, and the midline shifts. The medial temporal lobe is pushed over the tentorial edge and compresses the third nerve: the pupil on the side of the mass dilates and stops reacting, the opposite limbs weaken and consciousness falls.","","",""
"2 Lesson narration","vo:icp-6","Brain › Learn › ICP, herniation and the EVD › The Cushing response","icp-6","When the brainstem itself is squeezed, the body drives the blood pressure up to keep perfusing it, the heart slows and breathing becomes irregular. This is late, and it means herniation is under way.","","",""
"2 Lesson narration","vo:icp-7","Brain › Learn › ICP, herniation and the EVD › Buy time","icp-7","Head up thirty degrees with the neck straight, so veins drain. Hyperosmolar therapy draws water out of the brain. A short period of lower carbon dioxide constricts the vessels — useful as a bridge, harmful if prolonged, because it cuts blood flow too.","","",""
"2 Lesson narration","vo:icp-8","Brain › Learn › ICP, herniation and the EVD › Remove the volume","icp-8","The definitive answer is to remove the volume or open the box: evacuate the clot, or take off a piece of skull. The curve flattens and the pupils recover if it is in time.","","",""
"2 Lesson narration","vo:icp-9","Brain › Learn › ICP, herniation and the EVD › Hydrocephalus","icp-9","A different cause: after subarachnoid haemorrhage, blood blocks the drainage of cerebrospinal fluid. The ventricles fill with fluid that is still being made and balloon on the scan, and the pressure rises without any midline shift.","","",""
"2 Lesson narration","vo:icp-10","Brain › Learn › ICP, herniation and the EVD › External ventricular drain","icp-10","An external ventricular drain, zeroed at the tragus — level with the foramen of Monro. Open at fifteen centimetres of water, fluid drains whenever the pressure exceeds that height, and the pressure settles there.","","",""
"2 Lesson narration","vo:icp-11","Brain › Learn › ICP, herniation and the EVD › Levelling errors","icp-11","Raise the head of the bed without moving the chamber and the drain is now effectively fifteen centimetres too low. It overdrains: the ventricles collapse and bridging veins can tear. Re-level every time the patient or the bed moves.","","",""
"2 Lesson narration","vo:icp-12","Brain › Learn › ICP, herniation and the EVD › Clamped","icp-12","Left clamped after a transfer, nothing drains and the pressure climbs back. Clamp only for the time the protocol allows, and read the pressure against the patient, not the clock.","","",""
"2 Lesson narration","vo:vsd-1","Heart › Learn › Ventricular septal defect: from murmur to Eisenmenger › A loud murmur","vsd-1","A well child with a loud, harsh murmur at the lower left sternal border that lasts all through systole. The heart itself looks normal in size.","","",""
"2 Lesson narration","vo:vsd-2","Heart › Learn › Ventricular septal defect: from murmur to Eisenmenger › The defect","vsd-2","Here is the cause: a small hole in the ventricular septum, just below the aortic valve.","","",""
"2 Lesson narration","vo:vsd-3","Heart › Learn › Ventricular septal defect: from murmur to Eisenmenger › A big gradient makes a fast jet","vsd-3","In systole the left ventricle generates about one hundred and twenty millimetres of mercury, the right about twenty-five. Across a small hole that gradient drives a jet near five metres per second. On colour Doppler it aliases into a mosaic. Loud murmur, small shunt.","","",""
"2 Lesson narration","vo:vsd-4","Heart › Learn › Ventricular septal defect: from murmur to Eisenmenger › A large defect: more flow, less noise","vsd-4","Now a large defect. Pressures on the two sides move closer, so the jet is slower and the murmur can be softer — yet far more blood crosses. Pulmonary flow is more than twice systemic flow.","","",""
"2 Lesson narration","vo:vsd-5","Heart › Learn › Ventricular septal defect: from murmur to Eisenmenger › The lungs are flooded","vsd-5","The shunted blood goes straight out through the pulmonary artery. The lungs carry the extra flow at higher pressure: the infant breathes fast, sweats with feeds and fails to gain weight.","","",""
"2 Lesson narration","vo:vsd-6","Heart › Learn › Ventricular septal defect: from murmur to Eisenmenger › The left heart takes the volume","vsd-6","All that extra pulmonary blood returns to the left atrium and left ventricle, which dilate. A VSD volume-loads the LEFT heart, even though the hole feeds the right ventricle.","","",""
"2 Lesson narration","vo:vsd-7","Heart › Learn › Ventricular septal defect: from murmur to Eisenmenger › Years of overcirculation","vsd-7","Left unrepaired, years of high flow and pressure remodel the small pulmonary arteries and resistance climbs. Watch the right ventricle thicken, the gradient shrink, flow become bidirectional, and finally reverse: right to left.","","",""
"2 Lesson narration","vo:vsd-8","Heart › Learn › Ventricular septal defect: from murmur to Eisenmenger › Eisenmenger syndrome","vsd-8","Now deoxygenated blood enters the aorta. The patient is cyanosed and clubbed, and the murmur has faded. At this stage closing the hole would remove the right ventricle’s only escape valve, so repair is no longer possible.","","",""
"2 Lesson narration","vo:vsd-9","Heart › Learn › Ventricular septal defect: from murmur to Eisenmenger › Repair in time","vsd-9","Closed in infancy, before the pulmonary vessels remodel, the circulation returns to two separate circuits and the heart remodels back toward normal. Many small muscular defects close on their own.","","",""
"2 Lesson narration","vo:nt-1","Heart › Learn › Newborn transition and pulmonary hypertension (PPHN) › Before the first breath","nt-1","Before birth the lungs are full of fluid and their vessels are tightly constricted, so pulmonary resistance is very high. The placenta, not the lungs, supplies oxygen. Blood from the right heart bypasses the lungs through the foramen ovale and the ductus arteriosus.","","",""
"2 Lesson narration","vo:nt-2","Heart › Learn › Newborn transition and pulmonary hypertension (PPHN) › The first breaths","nt-2","With the first breaths, air replaces lung fluid and oxygen relaxes the pulmonary vessels. Resistance falls steeply, pulmonary blood flow rises, and flow through the ductus turns around: now it runs from the aorta into the pulmonary artery.","","",""
"2 Lesson narration","vo:nt-3","Heart › Learn › Newborn transition and pulmonary hypertension (PPHN) › The first ten minutes","nt-3","Saturation rises slowly after birth. A healthy baby may be only sixty to sixty five percent at one minute, and eighty to eighty five at five. Measure on the right hand or wrist, which is supplied before the ductus, and aim for the target band, not a hundred percent.","","",""
"2 Lesson narration","vo:nt-4","Heart › Learn › Newborn transition and pulmonary hypertension (PPHN) › The duct closes","nt-4","Over hours to days the ductus constricts and closes, and the flap of the foramen ovale is held shut by the higher left atrial pressure. Two circuits now run in series, as in the adult.","","",""
"2 Lesson narration","vo:nt-5","Heart › Learn › Newborn transition and pulmonary hypertension (PPHN) › When resistance will not fall","nt-5","In persistent pulmonary hypertension of the newborn, the pulmonary vessels stay constricted. Pulmonary pressure stays close to or above aortic pressure, and blood crosses the ductus from right to left, into the descending aorta. The right hand stays pink while the feet are blue: compare a pre-ductal and a post-ductal probe.","","",""
"2 Lesson narration","vo:nt-6","Heart › Learn › Newborn transition and pulmonary hypertension (PPHN) › A vicious circle","nt-6","Hypoxia, acidosis, cold and a high carbon dioxide all constrict the pulmonary vessels further. More blood bypasses the lungs, the baby becomes more hypoxic and acidotic, and resistance climbs again.","","",""
"2 Lesson narration","vo:nt-7","Heart › Learn › Newborn transition and pulmonary hypertension (PPHN) › Breaking the circle","nt-7","Treatment breaks the circle: oxygen, gentle ventilation to a normal carbon dioxide, warmth, correcting acidosis, surfactant where the lungs need it, and inhaled nitric oxide, which relaxes only the pulmonary vessels. As resistance falls, ductal flow turns left to right and the difference disappears.","","",""
"2 Lesson narration","vo:nt-8","Heart › Learn › Newborn transition and pulmonary hypertension (PPHN) › No difference is not reassurance","nt-8","One trap. If the right heart struggles and right atrial pressure rises, blood also crosses the foramen ovale from right to left. Then the hand and the foot are both low, with no difference between them. A low pre-ductal saturation still needs an explanation.","","",""
"2 Lesson narration","vo:fast-1","Abdomen › Learn › FAST: where free blood goes — and what it misses › Four places to look","fast-1","Lying flat, free fluid in the abdomen runs to the lowest spaces: between the liver and the right kidney, around the spleen, and down into the pelvis. The FAST exam puts a probe over each of those, plus under the ribs to see the pericardium.","","",""
"2 Lesson narration","vo:fast-2","Abdomen › Learn › FAST: where free blood goes — and what it misses › A normal FAST","fast-2","This is the same normal abdomen as ultrasound. Liver sits against kidney, spleen against kidney, the bladder is black because urine reflects no echoes, and the pericardium hugs the heart. No black stripe anywhere.","","",""
"2 Lesson narration","vo:fast-3","Abdomen › Learn › FAST: where free blood goes — and what it misses › Too early to see","fast-3","A liver laceration two minutes after the crash. Blood is already leaking, but a few tens of millilitres spread thinly and every window still looks negative. An early negative scan does not rule out injury: repeat it.","","",""
"2 Lesson narration","vo:fast-4","Abdomen › Learn › FAST: where free blood goes — and what it misses › Morison’s pouch lights up first","fast-4","A few minutes later a black stripe opens between liver and kidney. The hepatorenal space is the most dependent upper-abdominal space when supine, so the right upper quadrant is usually positive first.","","",""
"2 Lesson narration","vo:fast-5","Abdomen › Learn › FAST: where free blood goes — and what it misses › The same blood in 3D","fast-5","In the anatomy the pool sits exactly where the probe was looking: tucked behind the liver, in front of the right kidney.","","",""
"2 Lesson narration","vo:fast-6","Abdomen › Learn › FAST: where free blood goes — and what it misses › Spleen: look above it too","fast-6","A grade four splenic injury. On the left, blood collects around the spleen and under the diaphragm before it reaches the kidney, so the left window must include the space above the spleen.","","",""
"2 Lesson narration","vo:fast-7","Abdomen › Learn › FAST: where free blood goes — and what it misses › Minutes matter","fast-7","Untreated, the bleed keeps going. Watch the left stripe widen, the right upper quadrant and then the pelvis fill, and the haemorrhage class climb in the side panel. Blood pressure holds until a third or more of the blood volume is gone.","","",""
"2 Lesson narration","vo:fast-8","Abdomen › Learn › FAST: where free blood goes — and what it misses › The bleed FAST cannot see","fast-8","A different patient: an aneurysm has ruptured into the retroperitoneum, behind the lining of the abdomen. More than a litre is lost, yet not a drop is free in the peritoneal cavity.","","",""
"2 Lesson narration","vo:fast-9","Abdomen › Learn › FAST: where free blood goes — and what it misses › Negative FAST, unstable patient","fast-9","Every FAST window is negative. The clue is elsewhere: a wide aorta on the separate aortic view, back or flank pain, and shock with no free fluid. Pelvic fractures and kidney injuries bleed into the same hidden space.","","",""
"2 Lesson narration","vo:fast-10","Abdomen › Learn › FAST: where free blood goes — and what it misses › Reading a FAST","fast-10","Positive in a shocked trauma patient: the abdomen is a likely source. Negative: not proof of safety — it may be early, the fluid may be retroperitoneal, or the view may be poor. Repeat it when the patient changes.","","",""
"2 Lesson narration","vo:aaa-1","Abdomen › Learn › Abdominal aortic aneurysm: intact, contained, free rupture › A normal aorta","aaa-1","The abdominal aorta below the renal arteries is normally about two centimetres wide. An aneurysm is a permanent widening to three centimetres or more.","","",""
"2 Lesson narration","vo:aaa-2","Abdomen › Learn › Abdominal aortic aneurysm: intact, contained, free rupture › Growing","aaa-2","Aneurysms grow slowly, often silently. Wall tension rises with radius, so the wider it gets the faster it tends to grow and the higher the rupture risk; above about five and a half centimetres repair usually outweighs the risk of waiting.","","",""
"2 Lesson narration","vo:aaa-3","Abdomen › Learn › Abdominal aortic aneurysm: intact, contained, free rupture › On ultrasound","aaa-3","A transverse bedside scan measures it outer wall to outer wall. Much of the sac is lined with grey thrombus; the flowing lumen is the smaller black circle inside.","","",""
"2 Lesson narration","vo:aaa-4","Abdomen › Learn › Abdominal aortic aneurysm: intact, contained, free rupture › Contained rupture","aaa-4","Sudden back or flank pain and a faint. The sac has torn at the back, into the retroperitoneum, where the surrounding tissue can tamponade it for a while.","","",""
"2 Lesson narration","vo:aaa-5","Abdomen › Learn › Abdominal aortic aneurysm: intact, contained, free rupture › Deceptively stable","aaa-5","The haematoma grows behind the peritoneum. Heart rate climbs while pressure is still near normal. This window is the chance to get the patient to repair.","","",""
"2 Lesson narration","vo:aaa-6","Abdomen › Learn › Abdominal aortic aneurysm: intact, contained, free rupture › FAST stays negative","aaa-6","The FAST windows are black-stripe free, because none of this blood is intraperitoneal. The aortic view shows the wide sac with a dark cuff of haematoma beside it.","","",""
"2 Lesson narration","vo:aaa-7","Abdomen › Learn › Abdominal aortic aneurysm: intact, contained, free rupture › Free rupture","aaa-7","If the tear opens into the peritoneal cavity there is nothing left to contain it. Within minutes every FAST window fills and the patient moves to class four haemorrhage.","","",""
"2 Lesson narration","vo:aaa-8","Abdomen › Learn › Abdominal aortic aneurysm: intact, contained, free rupture › What changes outcome","aaa-8","Outcome depends on control of the aorta, in the operating theatre or the endovascular suite. Many teams accept a lower blood pressure while the patient stays conscious, to avoid pushing more blood out of the hole before it is controlled.","","",""
"2 Lesson narration","vo:ad-1","Abdomen › Learn › Aortic dissection: type, extent, malperfusion, anti-impulse › A tearing pain","ad-1","Sudden, severe, tearing pain between the shoulder blades. Hypertensive and tachycardic. A pressure difference between the arms, or a pulse deficit, raises the suspicion. The test is a CT angiogram from the chest to the groins.","","",""
"2 Lesson narration","vo:ad-2","Abdomen › Learn › Aortic dissection: type, extent, malperfusion, anti-impulse › Type A: the ascending aorta","ad-2","At the level of the pulmonary artery, look first at the ascending aorta in front. A flap here is Stanford type A: it can tear into the pericardium, the coronaries or the aortic valve. That is a surgical emergency.","","",""
"2 Lesson narration","vo:ad-3","Abdomen › Learn › Aortic dissection: type, extent, malperfusion, anti-impulse › Type B: descending only","ad-3","In this patient the ascending aorta is clean and round. The flap is only in the descending aorta, beside the spine: Stanford type B. Most are managed medically unless they are complicated.","","",""
"2 Lesson narration","vo:ad-4","Abdomen › Learn › Aortic dissection: type, extent, malperfusion, anti-impulse › True and false lumen","ad-4","Follow it down. The flap divides the aorta into two channels. The true lumen is usually the smaller, denser one; the false lumen is larger and fills more slowly. Which lumen feeds each branch matters.","","",""
"2 Lesson narration","vo:ad-5","Abdomen › Learn › Aortic dissection: type, extent, malperfusion, anti-impulse › Malperfusion","ad-5","Compare the kidneys. The left one barely enhances: its artery arises from a false lumen that is not delivering blood. Malperfusion of a kidney, the bowel or a leg turns an uncomplicated type B into a complicated one.","","",""
"2 Lesson narration","vo:ad-6","Abdomen › Learn › Aortic dissection: type, extent, malperfusion, anti-impulse › Into the iliacs","ad-6","The flap continues into the left common iliac artery. Check the leg pulses and the groin: a cold, pulseless leg is another malperfusion sign.","","",""
"2 Lesson narration","vo:ad-7","Abdomen › Learn › Aortic dissection: type, extent, malperfusion, anti-impulse › Rate first","ad-7","Treatment starts with impulse control. A short-acting beta-blocker brings the heart rate to about sixty, reducing the force of each ejection on the torn wall. Watch the rate fall while the pressure is still high.","","",""
"2 Lesson narration","vo:ad-8","Abdomen › Learn › Aortic dissection: type, extent, malperfusion, anti-impulse › Then the pressure","ad-8","Only then add a vasodilator to bring the systolic pressure below about one hundred and twenty, as far as perfusion allows: urine output, mental state and the malperfused organs set the floor.","","",""
"2 Lesson narration","vo:ad-9","Abdomen › Learn › Aortic dissection: type, extent, malperfusion, anti-impulse › Why not the vasodilator first","ad-9","Give the vasodilator alone and the baroreflex answers with tachycardia and a harder, faster ejection — more shear on the flap. Beta-blockade before vasodilation.","","",""
"2 Lesson narration","vo:ad-10","Abdomen › Learn › Aortic dissection: type, extent, malperfusion, anti-impulse › Who needs what","ad-10","Type A: control the pressure and get to cardiac surgery. Type B with rupture, malperfusion or uncontrollable pain: endovascular repair. Uncomplicated type B: impulse control, monitoring and repeat imaging.","","",""
"2 Lesson narration","vo:so-1","Abdomen › Learn › Spleen and liver injury: the response to blood decides › Low grade, stable","so-1","A grade two splenic laceration an hour after a fall. There is blood around the spleen and the FAST is positive, but the heart rate and pressure are normal and the bleeding has slowed. Stable patients like this usually get a CT and are managed without an operation, with close observation.","","",""
"2 Lesson narration","vo:so-2","Abdomen › Learn › Spleen and liver injury: the response to blood decides › High grade","so-2","A grade four injury bleeds faster. Thirty minutes in, three FAST windows are positive and she is in class two shock: the heart rate is up, the pressure still normal.","","",""
"2 Lesson narration","vo:so-3","Abdomen › Learn › Spleen and liver injury: the response to blood decides › Give blood, and watch","so-3","A litre of blood restores her circulating volume and the heart rate settles, for now. The blood already in the abdomen stays there. How she responds over the next half hour sorts patients into three groups.","","",""
"2 Lesson narration","vo:so-4","Abdomen › Learn › Spleen and liver injury: the response to blood decides › A transient responder","so-4","Forty five minutes later she has bled the transfused blood away and the class is climbing again. A transient responder is still bleeding: she needs haemorrhage control, by angioembolisation if it is immediately available and she is safe to go there, otherwise the operating room.","","",""
"2 Lesson narration","vo:so-5","Abdomen › Learn › Spleen and liver injury: the response to blood decides › A non-responder","so-5","A grade five liver injury. An hour and a half in, a litre of blood has made no difference: she is in class three shock. No response means an operation now, with damage control surgery, packing and a massive transfusion protocol.","","",""
"2 Lesson narration","vo:so-6","Abdomen › Learn › Spleen and liver injury: the response to blood decides › Control stops the clock","so-6","Once the bleeding is controlled, the loss stops growing. The fluid in the abdomen is still there on ultrasound, but transfusion can finally catch up, and the haemorrhage class falls.","","",""
"2 Lesson narration","vo:me-1","Abdomen › Learn › Acute mesenteric ischaemia: pain out of proportion › Pain out of proportion","me-1","A seventy eight year old with atrial fibrillation and sudden, severe central abdominal pain. The abdomen is soft and hardly tender. Pain out of proportion to the examination is the classic early sign, and the bowel still looks normal.","","",""
"2 Lesson narration","vo:me-2","Abdomen › Learn › Acute mesenteric ischaemia: pain out of proportion › An embolus in the artery","me-2","A clot from the fibrillating left atrium has lodged in the superior mesenteric artery, which supplies most of the small bowel. On the CT angiogram the artery, just in front of the aorta, does not fill with contrast.","","",""
"2 Lesson narration","vo:me-3","Abdomen › Learn › Acute mesenteric ischaemia: pain out of proportion › The wall stops enhancing","me-3","Hours later the small bowel wall stops enhancing. Early in the course the lactate can still be normal, so a normal lactate does not rule this out.","","",""
"2 Lesson narration","vo:me-4","Abdomen › Learn › Acute mesenteric ischaemia: pain out of proportion › Infarction","me-4","Once the bowel infarcts it turns dusky, gas appears in its wall, the lining sloughs, and bacteria and toxins reach the blood. Peritonitis, acidosis and shock follow, and the abdomen finally becomes tender.","","",""
"2 Lesson narration","vo:me-5","Abdomen › Learn › Acute mesenteric ischaemia: pain out of proportion › The CT at infarction","me-5","On CT, gas now lies in the bowel wall. The treatment is time: urgent revascularisation, by embolectomy or an endovascular route, resection of dead bowel, fluids, antibiotics and anticoagulation. Every hour of delay costs bowel.","","",""
"2 Lesson narration","vo:sb-1","Abdomen › Learn › Bowel obstruction and perforation › Small-bowel obstruction","sb-1","Small bowel obstruction, most often from adhesions after previous surgery, or a hernia. Above the block the bowel dilates with fluid and gas, she vomits, and the abdomen distends.","","",""
"2 Lesson narration","vo:sb-2","Abdomen › Learn › Bowel obstruction and perforation › On CT","sb-2","On CT the loops are wide and full of fluid, with gas floating on top: air fluid levels. Surgeons look for the transition point, where dilated bowel meets collapsed bowel, and for signs that the blood supply is failing.","","",""
"2 Lesson narration","vo:sb-3","Abdomen › Learn › Bowel obstruction and perforation › Where the fluid goes","sb-3","Litres of fluid are trapped in the bowel wall and lumen, or lost as vomit. She becomes dry, with a rising heart rate and falling urine output. Decompress with a nasogastric tube, replace the fluid, and watch for strangulation.","","",""
"2 Lesson narration","vo:sb-4","Abdomen › Learn › Bowel obstruction and perforation › Perforation","sb-4","Perforation: a hole in the gut lets air and bowel content into the peritoneum. Lying flat, the air rises to the front of the abdomen; sitting up, it collects under the diaphragm.","","",""
"2 Lesson narration","vo:sb-5","Abdomen › Learn › Bowel obstruction and perforation › Free air on ultrasound","sb-5","On ultrasound, free air makes a bright line with reverberations that hides what lies behind it, over the liver in the upper abdomen. The fluid in these windows is not blood but gut content, so a positive scan here means peritonitis, not haemorrhage.","","",""
"2 Lesson narration","vo:sb-6","Abdomen › Learn › Bowel obstruction and perforation › Free air on CT","sb-6","On CT the air sits in front of the liver and bowel, outside the gut. Perforation with peritonitis needs resuscitation, antibiotics and an operation.","","",""
"3 Challenge cases","case-abd-fast-early#1","Abdomen › Challenge › Negative FAST, left-sided impact (Novice)","The first scan: what does it tell you?","Story: Motorcyclist, left lower rib fractures, minutes after the crash. You scan all four windows in the aircraft. Then you scan again ten minutes later. Answer: Not enough blood yet to see — a negative FAST does not exclude injury; repeat it. Other options: No intra-abdominal injury — the abdomen is cleared | The bleeding must be retroperitoneal | The probe must be in the wrong place. Explanation: FAST needs on the order of a few hundred mL of intraperitoneal fluid before a window turns positive. Early after injury it is often negative; its value is in repeating it as the picture evolves.","","",""
"3 Challenge cases","case-abd-fast-early#2","Abdomen › Challenge › Negative FAST, left-sided impact (Novice)","Ten minutes later, where does blood from the spleen appear first?","Answer: LUQ — splenorenal space and above the spleen. Other options: RUQ — Morison’s pouch | Subxiphoid — pericardium | Nowhere until it reaches the pelvis. Explanation: Morison’s pouch is the most sensitive window overall, but splenic blood collects around the spleen and in the splenorenal space first, then spills down the left gutter to the pelvis before it reaches the right upper quadrant.","","",""
"3 Challenge cases","case-abd-fast-spleen#1","Abdomen › Challenge › Positive FAST, rising heart rate (Intermediate)","Which windows show free fluid?","Story: Same patient, now 30 minutes after the crash and still in the aircraft. Scan all four windows. Answer: RUQ, LUQ and pelvis. Other options: LUQ only | Pericardium only | None — it is retroperitoneal. Explanation: With several hundred mL the fluid has filled the left upper quadrant, run down the left paracolic gutter into the pelvis and reached Morison’s pouch.","","",""
"3 Challenge cases","case-abd-fast-spleen#2","Abdomen › Challenge › Positive FAST, rising heart rate (Intermediate)","Estimated haemorrhage class?","Answer: Class II — tachycardic, pressure still held. Other options: Class I | Class III | Class IV. Explanation: Blood loss of roughly 15–30 %: the heart rate climbs and the pulse pressure narrows, but systolic pressure is still maintained. Waiting for hypotension means waiting for class III.","","",""
"3 Challenge cases","case-abd-aaa#1","Abdomen › Challenge › Back pain, pulsatile mass, negative FAST (Advanced)","What does the CT show at the infrarenal level?","Story: 74-year-old, sudden back and left flank pain, near-syncope at home. The FAST is negative. The receiving centre sends the CT angiogram through before you land. Answer: A 7 cm aneurysm with a retroperitoneal haematoma — contained rupture. Other options: An intact aneurysm, no bleeding | Free intraperitoneal rupture | A dissection flap. Explanation: A large aneurysm with eccentric thrombus and blood beside it in the retroperitoneum: a contained rupture. It can become free rupture at any moment.","","",""
"3 Challenge cases","case-abd-aaa#2","Abdomen › Challenge › Back pain, pulsatile mass, negative FAST (Advanced)","Why was the FAST negative?","Answer: FAST sees intraperitoneal fluid; this blood is retroperitoneal. Other options: The haematoma is too small to matter | The scan was done too early — repeat it to rule out rupture | Aneurysms cannot be seen on ultrasound. Explanation: The retroperitoneum is invisible to FAST. A negative FAST in a patient with a known or suspected AAA and pain does not rule out rupture.","","",""
"3 Challenge cases","case-abd-aaa#3","Abdomen › Challenge › Back pain, pulsatile mass, negative FAST (Advanced)","Pressure strategy en route?","Answer: Permissive hypotension: enough pressure for mentation, no push to normal, straight to a vascular centre. Other options: Fluid bolus to a normal blood pressure | Start a vasodilator to protect the aneurysm | Divert to the nearest hospital for a formal CT first. Explanation: Raising the pressure can turn a contained rupture into a free one. Accept a low pressure while the patient is awake, give blood rather than crystalloid when needed, and get to definitive repair.","","",""
"3 Challenge cases","case-abd-dissect-a#1","Abdomen › Challenge › Tearing chest pain to the back (Advanced)","What type is this, and what does it need?","Story: 58-year-old with sudden tearing chest pain radiating to the back. The CTA is on your screen at the chest level. Answer: Stanford type A — the ascending aorta is involved: emergency surgery. Other options: Stanford type B — medical therapy first | No dissection — the aorta is normal | Type B — immediate endovascular stent. Explanation: Any involvement of the ascending aorta makes it type A: at risk of tamponade, aortic regurgitation and coronary occlusion. It goes to cardiothoracic surgery.","","",""
"3 Challenge cases","case-abd-dissect-a#2","Abdomen › Challenge › Tearing chest pain to the back (Advanced)","While you transport, how do you treat the pressure?","Answer: Rate first (β-blocker toward ≈ 60), then a vasodilator for systolic ≈ 100–120. Other options: Vasodilator first, then a β-blocker | Leave it — the pressure is protective | Fluids to maintain perfusion of the false lumen. Explanation: Anti-impulse therapy lowers the force of each ejection (dP/dt) as well as the pressure. A vasodilator alone causes a reflex tachycardia that increases shear on the flap.","","",""
"3 Challenge cases","case-abd-dissect-b#1","Abdomen › Challenge › Type B dissection with a rising creatinine (Expert)","What is the new finding at the renal level?","Story: Known type B dissection on esmolol and nicardipine. Pain persists, urine output is falling. Step to the renal level of the CTA. Answer: The left kidney enhances poorly — its artery arises from the false lumen. Other options: Both kidneys are normal | A retroperitoneal haematoma | The flap has extended into the ascending aorta. Explanation: The branch fed by a poorly flowing false lumen is under-perfused: renal malperfusion.","","",""
"3 Challenge cases","case-abd-dissect-b#2","Abdomen › Challenge › Type B dissection with a rising creatinine (Expert)","What does malperfusion change?","Answer: It is now a complicated type B: urgent endovascular repair, not medical therapy alone. Other options: Nothing — continue anti-impulse therapy | It becomes a type A dissection | Stop the β-blocker to raise renal perfusion. Explanation: Malperfusion, rupture, refractory pain or uncontrolled hypertension turn an uncomplicated type B into a complicated one, which is treated by covering the entry tear.","","",""
"3 Challenge cases","case-abd-transient#1","Abdomen › Challenge › Better after blood — then worse (Advanced)","How has she responded to blood?","Story: Grade IV splenic injury. After one litre of blood half an hour ago her heart rate had settled. It is climbing again and the FAST stripes are wider. Answer: Transient responder: she improved, then bled the blood away — still bleeding. Other options: Responder: stable, observe | Non-responder: no change at all | Over-transfused. Explanation: A transient response means ongoing haemorrhage at a rate the transfusion only briefly matched.","","",""
"3 Challenge cases","case-abd-transient#2","Abdomen › Challenge › Better after blood — then worse (Advanced)","What does she need?","Answer: Haemorrhage control: embolisation if immediately available and safe, otherwise the operating room. Other options: Another litre of crystalloid and a repeat FAST in an hour | Observation on the ward | A CT of the head first. Explanation: Blood buys time; only stopping the bleeding fixes it. Unstable patients go to the operating room rather than the CT or angiography suite.","","",""
"3 Challenge cases","case-abd-mesenteric#1","Abdomen › Challenge › Severe pain, soft abdomen (Advanced)","What does the CT show?","Story: 78-year-old in atrial fibrillation, off anticoagulation, with an hour of severe central abdominal pain. The abdomen is soft. Lactate 1.4. The CT angiogram is on the screen at the renal level. Answer: The superior mesenteric artery does not fill: embolic occlusion. Other options: A normal CT — the pain is functional | An aortic dissection | Free air. Explanation: The SMA should be a bright dot in front of the aorta. An embolus from the left atrium has blocked it.","","",""
"3 Challenge cases","case-abd-mesenteric#2","Abdomen › Challenge › Severe pain, soft abdomen (Advanced)","The lactate is normal. Is that reassuring?","Answer: No — lactate often stays normal until the bowel is infarcting. Other options: Yes — ischaemia always raises lactate early | Yes — it excludes infarction | Only if the pain improves. Explanation: Early ischaemia may not raise the systemic lactate. Pain out of proportion plus an embolic source needs urgent CT angiography and revascularisation.","","",""
"3 Challenge cases","case-neuro-m1l#1","Brain › Challenge › Sudden weakness and no words (Novice)","Where is the occlusion?","Story: Right-handed 67-year-old found by his wife an hour after last known well. Examine, then decide. Answer: Left middle cerebral artery (M1). Other options: Right middle cerebral artery | Basilar artery | Left posterior cerebral artery. Explanation: Right face, arm and leg weakness with global aphasia, gaze toward the left and a right field defect: the whole left MCA territory in a left-dominant patient — a proximal (M1) occlusion.","","",""
"3 Challenge cases","case-neuro-m1l#2","Brain › Challenge › Sudden weakness and no words (Novice)","Next step?","Answer: CT with CT angiography (± perfusion) to confirm a large-vessel occlusion for thrombectomy. Other options: MRI before any decision | Wait for the deficit to settle — it may be a TIA | Lumbar puncture. Explanation: A severe cortical deficit predicts a large-vessel occlusion. Non-contrast CT excludes haemorrhage; CTA shows the clot; perfusion shows how much is still salvageable. Go to a thrombectomy-capable centre.","","",""
"3 Challenge cases","case-neuro-m1r#1","Brain › Challenge › Left weakness, talking normally (Intermediate)","Where is the occlusion?","Story: Right-handed 71-year-old, sudden left-sided weakness. She says she feels fine. Answer: Right middle cerebral artery (M1). Other options: Left middle cerebral artery | Right posterior cerebral artery | Basilar artery. Explanation: Left hemiparesis with gaze to the right, a left field defect and neglect of the left side: the right MCA territory.","","",""
"3 Challenge cases","case-neuro-m1r#2","Brain › Challenge › Left weakness, talking normally (Intermediate)","Why is there no aphasia?","Answer: Language lives in the left (dominant) hemisphere; the right hemisphere gives neglect instead. Other options: The occlusion is too small | Aphasia appears only after 24 h | Aphasia is a brainstem sign. Explanation: In most right-handed people language is left-hemispheric. A non-dominant stroke can be as large but shows neglect and anosognosia — “she feels fine” is part of the deficit.","","",""
"3 Challenge cases","case-neuro-p2r#1","Brain › Challenge › Bumping into doorframes (Intermediate)","Where is the lesion?","Story: 63-year-old keeps walking into things on her left. Strength and speech are normal. Answer: Right posterior cerebral artery — occipital cortex. Other options: Left posterior cerebral artery | Right middle cerebral artery | Left eye. Explanation: A left homonymous hemianopia (both eyes, left half of the field) comes from the right occipital cortex, supplied by the right PCA.","","",""
"3 Challenge cases","case-neuro-p2r#2","Brain › Challenge › Bumping into doorframes (Intermediate)","The NIHSS is low. What does that mean?","Answer: Posterior-circulation strokes score low; a low score does not mean a small or harmless stroke. Other options: It is too mild to image | It excludes a vascular cause | It means the stroke is in the brainstem. Explanation: The scale weights limb power and language. Visual, cerebellar and brainstem deficits are under-scored — judge the deficit, not the number.","","",""
"3 Challenge cases","case-neuro-basilar#1","Brain › Challenge › Dizzy, then unresponsive (Advanced)","Which vessel?","Story: 55-year-old, vertigo and slurred speech this morning, now barely rousable with weakness of all four limbs. Answer: Basilar artery. Other options: Left middle cerebral artery | Both anterior cerebral arteries | Right internal carotid. Explanation: Reduced consciousness, gaze palsy, four-limb weakness, dysarthria and ataxia: the brainstem and cerebellum, supplied by the basilar artery.","","",""
"3 Challenge cases","case-neuro-basilar#2","Brain › Challenge › Dizzy, then unresponsive (Advanced)","Priorities?","Answer: Protect the airway, then emergent CTA and thrombectomy — the window is often wider for basilar occlusion. Other options: Supportive care only — prognosis is fixed | MRI first to confirm | Wait for a second opinion before imaging. Explanation: Untreated basilar occlusion is usually fatal or devastating. The airway is at risk from the depressed consciousness and bulbar weakness; reperfusion is offered later than for anterior strokes in many centres.","","",""
"3 Challenge cases","case-neuro-uncal#1","Brain › Challenge › A blown pupil after an ICH (Advanced)","What is happening?","Story: Left basal-ganglia haemorrhage, intubated for transfer. The haematoma has grown. Look at the pupils and the motor response. Answer: Left uncal herniation: the temporal lobe is compressing the left third nerve. Other options: Right uncal herniation | Tonsillar herniation | An eye drop was given. Explanation: The pupil on the side of the mass dilates and stops reacting first, as the uncus is pushed over the tentorial edge onto the third nerve.","","",""
"3 Challenge cases","case-neuro-uncal#2","Brain › Challenge › A blown pupil after an ICH (Advanced)","Bridge to surgery?","Answer: Head up 30°, hyperosmolar therapy, keep MAP up; brief hyperventilation only as a bridge. Other options: Prolonged hyperventilation to a PaCO₂ of 25 | Lower the blood pressure to a MAP of 60 | Lie the patient flat to improve cerebral blood flow. Explanation: Hypertonic saline or mannitol draws water out; head-up improves venous drainage. Hyperventilation lowers ICP by constricting vessels, which also cuts blood flow — minutes, not hours. CPP = MAP − ICP, so keep the MAP.","","",""
"3 Challenge cases","case-neuro-cushing#1","Brain › Challenge › Hypertension and bradycardia (Expert)","What is this pattern?","Story: Same patient, twenty minutes later. The pressure is climbing, the heart is slowing, and a colleague reaches for a vasodilator. Answer: The Cushing response — brainstem ischaemia from very high ICP. Other options: Autonomic dysreflexia | Pain — needs more analgesia | Hypertensive emergency causing the bleed. Explanation: High pressure, falling heart rate and irregular breathing: the brainstem is raising the MAP to force blood into a brain whose pressure is near arterial. It is a late, pre-terminal sign.","","",""
"3 Challenge cases","case-neuro-cushing#2","Brain › Challenge › Hypertension and bradycardia (Expert)","Should you drop the blood pressure?","Answer: No — the MAP is holding the CPP; treat the ICP (osmotherapy, surgery). Other options: Yes, to a systolic below 140 | Yes, with a vasodilator and a β-blocker | Yes, because bradycardia means the pressure is too high. Explanation: CPP = MAP − ICP. Lowering the MAP now drops cerebral perfusion further. The fix is to lower the ICP.","","",""
"3 Challenge cases","case-neuro-evd#1","Brain › Challenge › The EVD suddenly drains fast (Expert)","Why is it over-draining?","Story: Left basal-ganglia haemorrhage with an EVD open at 15 cmH₂O. The nurse raised the head of the bed for transfer; now the drain is running quickly and the patient has a headache. Answer: The chamber was not moved with the head: it is now level with the ventricles, so it drains until pressure is near zero. Other options: The ICP has risen suddenly | The catheter is blocked | The transducer needs zeroing to air. Explanation: The drip chamber height is measured from the tragus (foramen of Monro). Raising the head lifted the ventricles to the chamber, removing the pressure the drain was set to hold. Over-drainage risks ventricular collapse and bleeding.","","",""
"3 Challenge cases","case-neuro-evd#2","Brain › Challenge › The EVD suddenly drains fast (Expert)","What do you do?","Answer: Clamp briefly, re-level the zero to the tragus and reset the height, then reopen. Other options: Lower the chamber to drain even more | Leave it open — CSF drainage is always good | Flush the catheter. Explanation: Every position change needs the reference re-levelled. Many services clamp the drain for moves and re-level before reopening.","","",""
"3 Challenge cases","case-heart-vsd#1","Heart › Challenge › An infant who sweats with feeds (Intermediate)","Which chambers carry the extra volume?","Story: Three-month-old, poor weight gain, breathless and sweaty with feeds. Watch the flow across the septum. Answer: Left atrium and left ventricle. Other options: Right atrium and right ventricle | Only the right ventricle | None — flow is balanced. Explanation: Blood crosses the VSD in systole straight into the pulmonary artery, goes round the lungs and returns to the LEFT atrium and ventricle, which dilate.","","",""
"3 Challenge cases","case-heart-vsd#2","Heart › Challenge › An infant who sweats with feeds (Intermediate)","Roughly what is Qp:Qs?","Answer: ≈ 2 : 1. Other options: 1 : 1 | ≈ 0.8 : 1 | ≈ 5 : 1. Explanation: The lungs receive about twice the systemic flow — pulmonary overcirculation, which is why the infant is breathless and fails to thrive.","","",""
"3 Challenge cases","case-heart-asd#1","Heart › Challenge › A big right heart (Intermediate)","Which chambers are volume-loaded?","Story: 34-year-old with exertional breathlessness; the echo shows a dilated right heart. Watch the atrial septum. Answer: Right atrium and right ventricle. Other options: Left atrium and left ventricle | Left ventricle only | None. Explanation: At atrial level the left atrium empties partly into the right, so the extra flow passes through the right atrium and right ventricle before the lungs.","","",""
"3 Challenge cases","case-heart-asd#2","Heart › Challenge › A big right heart (Intermediate)","Why is there little murmur from the defect itself?","Answer: The pressure difference between the atria is tiny, so the flow is low-velocity. Other options: The defect is closed in systole | The flow is right to left | Murmurs only come from valves. Explanation: Atrial pressures differ by only a few mmHg. The murmur heard is from the extra flow across the pulmonary valve, with fixed splitting of the second sound.","","",""
"3 Challenge cases","case-heart-eisenmenger#1","Heart › Challenge › Blue at thirty (Advanced)","Why is she cyanosed?","Story: Adult with an unrepaired VSD, now cyanosed and breathless. The old murmur has gone. Answer: Pulmonary resistance has risen above systemic, so the shunt has reversed right to left. Other options: Heart failure has made the left ventricle leak | The defect has closed | Pneumonia. Explanation: Years of overcirculation remodel the pulmonary arterioles. Once PVR exceeds SVR, deoxygenated blood crosses into the systemic side: Eisenmenger syndrome.","","",""
"3 Challenge cases","case-heart-eisenmenger#2","Heart › Challenge › Blue at thirty (Advanced)","Will 100 % oxygen fix the saturation?","Answer: Only a little — shunted blood never meets the alveoli. Other options: Yes, fully | Oxygen makes it worse | Yes, after 20 minutes. Explanation: Oxygen corrects low-V/Q units but not true shunt. A little rise can come from pulmonary vasodilation; avoid systemic vasodilators, which increase the right-to-left flow.","","",""
"3 Challenge cases","case-heart-pfo#1","Heart › Challenge › Stroke after lifting (Advanced)","What happened?","Story: 29-year-old diver with a sudden aphasia after heavy lifting. Recent long-haul flight. Watch the atrial septum during the strain. Answer: Paradoxical embolism: straining raised right-atrial pressure above left and a venous clot crossed the PFO. Other options: An atrial septal defect with left-to-right flow | Carotid dissection from lifting | Air embolism from the dive only. Explanation: A PFO is a flap valve normally held shut by the higher left-atrial pressure. Valsalva, coughing or a PE reverse the gradient and open a path from the venous to the arterial side.","","",""
"3 Challenge cases","case-heart-pfo#2","Heart › Challenge › Stroke after lifting (Advanced)","Why is the PFO silent at rest?","Answer: Left-atrial pressure keeps the flap closed; there is no flow until right pressure rises. Other options: It is too small to hear | Flow is continuous but low-velocity | It only opens during sleep. Explanation: No gradient, no flow: that is why bubble studies are done with a Valsalva release.","","",""
"3 Challenge cases","case-img-cxr-tension#1","Ventilator › Challenge › High pressures after a central line (Novice)","What does the film show?","Story: Ventilated trauma patient, new subclavian line. Peak pressures alarm, saturation and blood pressure fall. A film happened to be taken for line position. Answer: Right tension pneumothorax — pleural edge, no markings beyond it, flat hemidiaphragm, mediastinum pushed left. Other options: Right lung collapse from a plugged bronchus | Bilateral pulmonary oedema | A normal film. Explanation: Air outside the lung with the mediastinum pushed away and the hemidiaphragm flattened: pleural pressure is high.","","",""
"3 Challenge cases","case-img-cxr-tension#2","Ventilator › Challenge › High pressures after a central line (Novice)","Next time this happens, what comes first?","Answer: Decompress on clinical grounds — do not wait for a film in an unstable patient. Other options: Always get a film first to confirm | Increase PEEP to re-expand the lung | Give a fluid bolus and reassess. Explanation: Tension pneumothorax is a clinical diagnosis. The film here is a teaching picture; in practice needle or finger thoracostomy comes before imaging when the patient is crashing.","","",""
"3 Challenge cases","case-img-lus-plug#1","Ventilator › Challenge › No sliding on the right — needle? (Intermediate)","Is this a pneumothorax?","Story: Desaturation after turning; breath sounds absent on the right. Your colleague sees no sliding on the right and reaches for a needle. Tap each zone and watch the pleural line and M-mode. Answer: No — there is a lung pulse: the pleura still touch; the lung is collapsed, not separated. Other options: Yes — absent sliding means pneumothorax | Yes — the M-mode is a barcode | Cannot tell without an X-ray. Explanation: Absent sliding alone is not diagnostic. A lung pulse (pleural line twitching with the heartbeat) proves the visceral pleura is against the chest wall — here the right lung is airless from a plugged bronchus.","","",""
"3 Challenge cases","case-img-lus-plug#2","Ventilator › Challenge › No sliding on the right — needle? (Intermediate)","What fixes it?","Answer: Clear the airway — suction, bronchoscopy, recruit — not a needle. Other options: Needle decompression | Chest drain | More PEEP only. Explanation: Needling a chest without a pneumothorax creates one. The problem is in the bronchus.","","",""
"3 Challenge cases","case-img-lus-asthma#1","Ventilator › Challenge › Asthmatic, high pressure, falling BP (Advanced)","What does the scan show?","Story: Intubated asthmatic. Peak pressures are high and the blood pressure is falling. Is it a pneumothorax? Scan all four zones. Answer: Sliding with A-lines in all four zones — pneumothorax very unlikely at these sites. Other options: Absent sliding on the right — pneumothorax | B-lines everywhere — oedema | A lung point on the left. Explanation: Sliding at the anterior chest excludes a pneumothorax under the probe with high certainty. The lungs are hyperinflated, not separated from the chest wall.","","",""
"3 Challenge cases","case-img-lus-asthma#2","Ventilator › Challenge › Asthmatic, high pressure, falling BP (Advanced)","What is the likely cause and first move?","Answer: Dynamic hyperinflation (auto-PEEP): disconnect briefly to let the air out, then slow the rate. Other options: Needle both sides | Increase the rate to clear CO₂ | Fluid bolus and more PEEP. Explanation: Trapped gas raises intrathoracic pressure and cuts venous return. A short disconnection lets it escape; then lengthen expiratory time.","","",""
"3 Challenge cases","case-img-cxr-edema#1","Ventilator › Challenge › Frothy secretions (Intermediate)","What pattern is this?","Story: 66-year-old intubated with pink frothy secretions after a large anterior MI. Answer: Cardiogenic oedema — perihilar opacity, septal lines, big heart, effusions. Other options: ARDS — peripheral patchy opacities with a normal heart | Tension pneumothorax | Hyperinflation. Explanation: A large heart, a central “bat-wing” distribution, septal (Kerley) lines and effusions point to raised left-atrial pressure.","","",""
"3 Challenge cases","case-img-cxr-edema#2","Ventilator › Challenge › Frothy secretions (Intermediate)","What would lung ultrasound show?","Answer: Many B-lines in both lungs, confluent in places, with effusions. Other options: A-lines everywhere | Absent sliding | A lung point. Explanation: Interstitial water turns the lung surface into vertical B-lines. They fall as the oedema clears — a quick bedside trend.","","",""
"3 Challenge cases","case-img-cxr-ards#1","Ventilator › Challenge › Pneumonia, worsening hypoxaemia (Advanced)","What does the film show?","Story: 36-year-old with pneumonia, now P/F well below 150 on high FiO₂. Answer: Bilateral patchy opacities with air bronchograms and a normal heart — ARDS pattern. Other options: Cardiogenic oedema | Right lung collapse | Normal film. Explanation: Bilateral opacities not explained by effusion, collapse or heart failure, with a normal heart size, fit ARDS.","","",""
"3 Challenge cases","case-img-cxr-ards#2","Ventilator › Challenge › Pneumonia, worsening hypoxaemia (Advanced)","Ventilation strategy?","Answer: Tidal volume ≈ 6 mL/kg predicted body weight, plateau ≤ 30, PEEP to keep the lung open. Other options: 10 mL/kg to recruit the lung | Zero PEEP to protect the heart | High rate, low PEEP. Explanation: Lung-protective ventilation limits stretch of the small “baby lung” that remains aerated.","","",""
"3 Challenge cases","case-img-mainstem#1","Ventilator › Challenge › Desaturation after the move (Intermediate)","What does the film show?","Story: Intubated at the scene. After moving to the aircraft stretcher the saturation falls and the peak pressure has risen. Breath sounds are quieter on the left. A film was taken on arrival. Answer: The tube tip is below the carina in the right main bronchus, and the left lung is collapsing. Other options: A left tension pneumothorax | A left pleural effusion | The tube is in the oesophagus. Explanation: The right main bronchus is wider and more vertical, so a tube pushed too far goes right. The left lung gets no ventilation and collapses as its gas is absorbed.","","",""
"3 Challenge cases","case-img-mainstem#2","Ventilator › Challenge › Desaturation after the move (Intermediate)","What do you do?","Answer: Deflate the cuff, withdraw the tube 1–2 cm, re-check depth and breath sounds, then recruit. Other options: Needle decompress the left chest | Increase the PEEP and FiO₂ only | Exchange the tube for a larger one. Explanation: Pulling the tip back above the carina re-opens the left main bronchus; the collapsed lung then needs a few breaths or a recruitment manoeuvre. Note the depth at the teeth.","","",""
"3 Challenge cases","case-abg-apnoea-infant#1","Blood gas › Challenge › The laryngoscopy that takes too long (Intermediate)","How long before the saturation falls below 90 %?","Story: Three-month-old (6 kg), well pre-oxygenated and paralysed for intubation. Your colleague is still looking at the cords 75 seconds after the last breath. The saturation still reads high. Answer: Well under a minute — call time now and ventilate. Other options: About five more minutes | About eight minutes, as in an adult | It will stay up while it reads this high. Explanation: The reading is high because the top of the dissociation curve is flat, but the infant’s small oxygen store is nearly used up. Below 90 % the fall is fast.","","",""
"3 Challenge cases","case-abg-apnoea-infant#2","Blood gas › Challenge › The laryngoscopy that takes too long (Intermediate)","Why is the infant so much faster than an adult?","Answer: Oxygen use per kilo is about twice as high, from a smaller lung volume that collapses after induction. Other options: Infants have less haemoglobin binding capacity at every age | Their pulse oximeters read late | They breathe faster, which uses up oxygen. Explanation: Oxygen consumption of ≈ 7–8 mL/kg/min drains a functional residual capacity that the soft infant chest lets fall to ≈ 15 mL/kg.","","",""
"3 Challenge cases","case-vent-croup#1","Ventilator › Challenge › Barking cough, stridor (Novice)","By how much has the resistance to quiet breathing risen?","Story: Two-year-old with a barking cough and stridor at rest, frightened and starting to cry. The subglottis has about a millimetre of swelling all round. Answer: About 16 times. Other options: About 2 times | About 4 times | It has not changed. Explanation: Laminar resistance rises with the fourth power of the radius: from 4 mm to 2 mm diameter halves the radius, 2⁴ = 16.","","",""
"3 Challenge cases","case-vent-croup#2","Ventilator › Challenge › Barking cough, stridor (Novice)","What should you avoid?","Answer: Upsetting the child — crying makes flow turbulent and the work of breathing much higher. Other options: Letting the parent hold the child | Sitting the child up | Giving humidified oxygen by a mask the child tolerates. Explanation: Turbulent flow through the narrowed segment needs pressure that rises with the fifth power of the radius (× 32). Keep the child calm and upright, with a parent.","","",""
"3 Challenge cases","case-lines-child-shock#1","Lines › Challenge › A quiet, pale four-year-old (Intermediate)","Is she in shock?","Story: Four-year-old (16 kg) hit by a car 40 minutes ago. Quiet, pale and cool. The arterial line is in. Her blood pressure is reassuring, says a colleague. Answer: Yes — compensated shock: tachycardia, narrow pulse pressure, cool skin with a normal pressure. Other options: No — the systolic pressure is normal for her age | Only if the capillary refill exceeds 6 s | Not until she becomes hypotensive. Explanation: Children maintain their pressure with tachycardia and intense vasoconstriction until about a third of their blood volume is lost. Hypotension is late.","","",""
"3 Challenge cases","case-lines-child-shock#2","Lines › Challenge › A quiet, pale four-year-old (Intermediate)","What if her heart rate starts to fall without treatment?","Answer: Pre-arrest: the failing, hypoxic heart is slowing — act now. Other options: She is improving | Pain relief is working | Normal for sleep. Explanation: In a shocked child bradycardia is an ominous sign that the heart is running out of oxygen.","","",""
"3 Challenge cases","case-heart-pphn#1","Heart › Challenge › Pink hand, blue feet (Advanced)","What does the difference between the probes tell you?","Story: Term newborn, meconium at delivery, now four hours old and hard to oxygenate. Two probes: right hand and a foot. Answer: Right-to-left flow across the ductus: pulmonary pressure is at or above systemic — PPHN. Other options: A faulty foot probe | Normal newborn transition | Left-to-right flow through a PDA. Explanation: The ductus enters the aorta beyond the right subclavian artery. Deoxygenated blood crossing it reaches the legs, not the right hand.","","",""
"3 Challenge cases","case-heart-pphn#2","Heart › Challenge › Pink hand, blue feet (Advanced)","Which of these lowers pulmonary resistance?","Answer: Oxygen, normal CO₂, warmth, correcting acidosis — and inhaled nitric oxide. Other options: Letting the CO₂ rise to protect the lungs | Keeping the baby cool | Restricting oxygen to avoid toxicity. Explanation: Hypoxia, hypercapnia, acidosis and cold all constrict the pulmonary vessels. Inhaled nitric oxide relaxes pulmonary vessels selectively.","","",""
"3 Challenge cases","case-heart-pphn-atrial#1","Heart › Challenge › Both probes low, no difference (Expert)","Is the colleague right?","Story: Same baby a few hours later. The right hand and the foot now read the same — and both are low. A colleague says the difference has gone, so the PPHN is better. Answer: No — blood is now also crossing the foramen ovale right-to-left, lowering both hand and foot. Other options: Yes — no difference means no pulmonary hypertension | Yes — the ductus has closed, so the problem is solved | The probes must both be faulty. Explanation: Shunting at atrial level mixes deoxygenated blood before the aorta, so pre- and post-ductal saturations fall together. A low pre-ductal saturation still needs an explanation.","","",""
"3 Challenge cases","case-heart-pphn-atrial#2","Heart › Challenge › Both probes low, no difference (Expert)","What raised the right atrial pressure?","Answer: A struggling right ventricle pumping against high pulmonary resistance. Other options: Too much oxygen | Closure of the ductus arteriosus by itself | Low pulmonary resistance. Explanation: Against a high pulmonary resistance the right ventricle dilates and its filling pressure rises until right atrial pressure exceeds left and the flap opens.","","",""
"3 Challenge cases","case-abg-apnoea-preg#1","Blood gas › Challenge › Emergency intubation at 38 weeks (Advanced)","What now?","Story: Rapid-sequence induction at term for eclamptic seizures. Pre-oxygenated well. Four minutes into a difficult laryngoscopy the saturation is still high. Answer: Stop and oxygenate now (mask or supraglottic airway): she is about a minute from the cliff. Other options: Keep going — 98 % leaves plenty of time | Wait for the saturation to reach 90 % before stopping | Apply cricoid pressure harder and continue. Explanation: A smaller functional residual capacity and higher oxygen use give a term pregnancy about five minutes, not eight — and the fall below 90 % is steep.","","",""
"3 Challenge cases","case-abg-apnoea-preg#2","Blood gas › Challenge › Emergency intubation at 38 weeks (Advanced)","What would have bought her more time?","Answer: Head-up position during pre-oxygenation and nasal oxygen during the attempt. Other options: Lying her completely flat | Pre-oxygenating with room air | Hyperventilating after induction. Explanation: Head-up (with left uterine displacement) gives back some lung volume; oxygen flowing through the nose keeps topping up the alveoli during apnoea.","","",""
"3 Challenge cases","case-lines-aortocaval#1","Lines › Challenge › Faint on the stretcher at 36 weeks (Novice)","What is the most likely cause?","Story: 36 weeks pregnant, transferred for reduced fetal movements. Lying flat on the stretcher she becomes pale, sweaty and light-headed. Answer: Aortocaval compression: the uterus is squeezing the inferior vena cava. Other options: Hidden haemorrhage | Pulmonary embolism | Vasovagal fainting only. Explanation: Supine at term, venous return falls and output drops by up to a third; the low CVP fits.","","",""
"3 Challenge cases","case-lines-aortocaval#2","Lines › Challenge › Faint on the stretcher at 36 weeks (Novice)","First action?","Answer: Left uterine displacement — tilt her or push the uterus to the left. Other options: A 2 L fluid bolus | Start a vasopressor infusion | Raise her legs while keeping her flat. Explanation: Relieving the compression restores venous return within a minute; the placenta, which has no autoregulation, benefits at once.","","",""
"3 Challenge cases","case-lines-pph#1","Lines › Challenge › Bleeding after delivery, pressure “fine” (Advanced)","How worried should you be?","Story: Thirty minutes after a vaginal delivery, a soft uterus and ongoing bleeding. The estimated loss is nearly two litres. The midwife says the blood pressure is fine. Answer: Very — the shock index is well above 1: she is compensating for a large loss. Other options: Not very — the systolic pressure is still near 90 | Only if she becomes confused | Only once the pressure falls below 70. Explanation: Pregnant women hold their pressure until late because of a 6.5 L blood volume and strong vasoconstriction. Heart rate divided by systolic pressure unmasks the loss.","","",""
"3 Challenge cases","case-lines-pph#2","Lines › Challenge › Bleeding after delivery, pressure “fine” (Advanced)","Best next steps?","Answer: Uterine massage and uterotonics, tranexamic acid, blood and products, call for help. Other options: Crystalloid until the pressure is normal, then reassess | Wait for a haemoglobin result | Vasopressor to raise the pressure. Explanation: Treat the cause (uterine atony is the commonest) and replace blood; early tranexamic acid reduces death from bleeding.","","",""
"3 Challenge cases","lines-case:c-bubble","Lines › Challenge › The BP that nobody believes","What is the most likely problem?","The arterial line reads about 135/73 and the trace looks spiky. The cuff just read about 115/78. The patient looks well. Answer: Underdamped line — resonance from a small bubble or long tubing. Other options: Overdamped line — a clot at the tip | The transducer is too low | True hypertension — the cuff is wrong. Explanation: A systolic overshoot with a normal MAP and a ringing square-wave test is underdamping. Do a fast-flush test (more than 2 oscillations), find the bubble, aspirate and flush.","","",""
"3 Challenge cases","lines-case:c-hob","Lines › Challenge › CVP 25 after the chest X-ray","Why did both pressures jump?","The bed was sat up to 30° for a chest X-ray. Since then the CVP reads about 25 and the MAP has risen 20 mmHg. Nothing else has changed and the patient looks the same. Answer: The phlebostatic axis rose but the transducer did not — it now sits below the axis. Other options: Fluid overload from the X-ray contrast | The transducer drifted — it needs zeroing | Tension pneumothorax. Explanation: Both lines rose by the same amount at the same moment: a reference-level error. Sitting the patient up raised the axis about 27 cm, so every reading is ≈ 20 mmHg too high. Re-level the transducer to the axis.","","",""
"3 Challenge cases","lines-case:c-openair","Lines › Challenge › Flat line after the blood gas","What happened?","Two minutes after an arterial blood gas was drawn, the monitor alarms: ART reads 0 with a flat trace. The patient is talking to you. Answer: The sampling stopcock was left open to air. Other options: Cardiac arrest | Massive clot in the radial artery | The pressure bag burst. Explanation: A flat line at zero in a talking patient is a system problem. The sampling port was left open to air with the stopcock off to the patient, so the transducer reads atmosphere. Cap it, turn the stopcock back to the patient, and check for blood loss. (Had it been left open toward the patient, blood would run out — or, on a central line, air would be drawn in.)","","",""
"3 Challenge cases","lines-case:c-clot","Lines › Challenge › Blunted and getting worse","What is the problem?","The arterial trace has lost its dicrotic notch and looks rounded. Systolic has drifted down to about 110. Drawing blood back from the sampling port is sluggish. Answer: Overdamped: a clot at the catheter tip. Other options: Underdamped: long tubing | Hypovolaemia | Aortic stenosis. Explanation: Rounded trace, lost notch, low systolic, high diastolic, MAP unchanged, and a square-wave test with no bounce: overdamped. Sluggish blood return points to a clot. Aspirate it — never flush a clot forward into the radial artery.","","",""
"3 Challenge cases","lines-case:c-zero","Lines › Challenge › Hypotension that isn’t","What went wrong?","After the transducer was changed, the arterial line reads 26/−21 with a perfect-looking waveform. The patient is pink and talking; the cuff reads about 115/78. Answer: It was zeroed while open to the patient. Other options: The transducer is 60 cm too high | Severe vasodilatory shock | The line is overdamped. Explanation: The shape is normal but the whole waveform is shifted down by about the patient’s own mean pressure. Zeroing with the stopcock open to the patient made the monitor treat the MAP as “zero”. Turn the stopcock off to the patient, open to air, zero, and turn it back.","","",""
"3 Challenge cases","lines-case:c-bag","Lines › Challenge › Blood in the tubing","What is the cause?","Blood has crept up the arterial tubing toward the transducer and the trace is becoming damped. The fast-flush only reaches about 90 mmHg. Answer: Pressure bag under-inflated — below arterial systolic. Other options: Transducer below the axis | Catheter in the vein | Underdamped system. Explanation: The flush bag must be at 300 mmHg — above systolic — or blood backs up the line, the continuous flush stops and the catheter clots. Inflate the bag to 300 and flush the blood back.","","",""
"3 Challenge cases","lines-case:c-migrated","Lines › Challenge › The CVP that pulses to 25","What does the waveform show?","The CVP trace now swings from about 2 to 25 mmHg with every beat, and there are occasional ectopic beats. Freeze the monitor and look at the shape. Answer: The catheter tip has migrated into the right ventricle. Other options: Giant v waves from tricuspid regurgitation | Cannon a waves from heart block | An underdamped CVP line. Explanation: A sharp systolic rise to ≈ 25 and a diastolic floor near zero is a ventricular trace. TR can give a large c-v wave, but diastolic pressure stays high. Notify the provider and get a chest X-ray; stop vasoactive infusions through that lumen until the tip is confirmed. The provider withdraws it to the cavo-atrial junction; ectopy settles once the tip leaves the RV.","","",""
"3 Challenge cases","lines-case:c-transport","Lines › Challenge › Onto the transport stretcher","Before changing the norepinephrine, what do you suspect?","You have just moved the patient onto the transport stretcher. The arterial trace looks smudged and MAP reads higher than a minute ago. Norepinephrine 0.1 µg/kg/min is running. Find everything that is wrong before you touch the pump. Answer: A monitoring problem: the transducer was not re-levelled and the trace is damped. Other options: The septic shock has resolved | The norepinephrine dose is too high | Fluid overload. Explanation: A sudden change after moving a patient is a monitoring problem until proven otherwise. The transducer stayed at the old bed height (reading high), and the wrist is flexed, kinking the cannula (damped). Level, straighten the wrist, check with a flush test — then titrate to the real MAP.","","",""
"3 Challenge cases","lines-case:c-read-tamp","Lines › Challenge › Six hours after cardiac surgery","What is the diagnosis?","Six hours after valve surgery, the chest drains have stopped draining. Heart rate about 130. Look at both traces with the breathing. Answer: Cardiac tamponade. Other options: Hypovolaemia from bleeding | LV failure | Complete heart block. Explanation: High CVP (≈ 18) with no y descent, a narrow pulse pressure, and systolic falling more than 10 mmHg on each breath in (pulsus paradoxus): tamponade. Hypovolaemia would have a low CVP. Treatment: surgical re-exploration or pericardiocentesis.","","",""
"3 Challenge cases","lines-case:c-read-chb","Lines › Challenge › Slow and strange","What causes the tall CVP waves?","Heart rate 38. Every so often a very tall wave appears on the CVP trace. Answer: Cannon a waves: atria contracting against a closed tricuspid (AV dissociation). Other options: Giant v waves of tricuspid regurgitation | Catheter in the right ventricle | Artefact from coughing. Explanation: The tall waves are intermittent and fall where an independent P wave lands during ventricular systole: cannon a waves of complete heart block. The slow rate also gives large stroke volumes and a wide pulse pressure.","","",""
"3 Challenge cases","lines-case:c-read-ar","Lines › Challenge › A bounding pulse","Which lesion fits?","The arterial trace shows a steep upstroke, a very low diastolic pressure and no clear dicrotic notch. Answer: Aortic regurgitation. Other options: Aortic stenosis | Hypovolaemia | Tamponade. Explanation: Very wide pulse pressure, low diastolic pressure, steep upstroke and a lost notch (often a bisferiens double peak): aortic regurgitation. AS is the opposite — slow, small and late.","","",""
"3 Challenge cases","lines-case:c-read-as","Lines › Challenge › Slow to rise","Which lesion fits?","An elderly patient with a systolic murmur. The arterial upstroke is slow, with a shoulder on the way up, and peaks late. Answer: Aortic stenosis. Other options: Aortic regurgitation | Septic shock | Stiff arteries only. Explanation: Pulsus parvus et tardus — a small, late, slow-rising pulse with an anacrotic shoulder — is aortic stenosis.","","",""
"3 Challenge cases","lines-case:c-ppv-af","Lines › Challenge › Is she fluid-responsive?","What do you make of the PPV?","Ventilated, MAP 80. The monitor shows a pulse-pressure variation over 30 %. The team suggests a fluid bolus. Answer: It cannot be used: the rhythm is irregular (AF). Other options: Over 13 % — give fluid | Over 13 % — start a vasopressor | It proves she is overloaded. Explanation: PPV needs a regular rhythm: in AF every beat has a different filling time, so the pulse pressure varies whatever the volume status. Use a passive leg raise or a fluid challenge with a cardiac-output measure instead.","","",""
"3 Challenge cases","lines-case:c-goal-fluid","Lines › Challenge › Resuscitate the bleeding patient","Is this patient likely to respond to fluid?","Haemorrhage, now controlled. Ventilated at 8 mL/kg, sinus tachycardia. Use the waveform to guide fluid. Answer: Yes — PPV > 13 % on controlled ventilation in sinus rhythm. Other options: No — the CVP is low | Cannot tell without a cuff pressure | No — the MAP is 65. Explanation: All the conditions for PPV are met and it is well above 13 %. Give fluid in 500 mL steps and re-check the variation after each.","","",""
"3 Challenge cases","lines-case:c-goal-sepsis","Lines › Challenge › Warm, vasodilated and hypotensive","What does the waveform suggest is the main problem?","Septic shock after 2 L of fluid. MAP in the high 50s, low diastolic, low dicrotic notch. Answer: Low vascular tone — a vasopressor is needed. Other options: Pump failure — start an inotrope | Severe hypovolaemia only | Tamponade. Explanation: Low diastolic pressure with a notch near the diastolic level and a high heart rate: vasoplegia. Norepinephrine restores tone. PPV is still just above 13 %, so some fluid may help alongside it.","","",""
"4 Real clinical media","3fd337c1:caption","Real media › xray","Portable AP film, ventilated patient — caption","Endotracheal tube in the trachea, ECG leads and lines; patchy airspace opacities in both lungs (COVID-19 pneumonia) — the pattern the ARDS lesson draws.","Institute for Diagnostic and Interventional Radiology, Hannover Medical School (MHH), Germany. COVID-19 Image Repository — https://github.com/ml-workgroup/covid-19-image-repository (copy retrieved from https://github.com/ieee8023/covid-chestxray-dataset, images/<id>.jpg). CC BY 3.0","",""
"4 Real clinical media","3fd337c1:look","Real media › xray","Portable AP film, ventilated patient — look for","Tube tip above the carina · Bilateral patchy opacities · Heart size not enlarged · Lines and leads crossing the film","Institute for Diagnostic and Interventional Radiology, Hannover Medical School (MHH), Germany. COVID-19 Image Repository — https://github.com/ml-workgroup/covid-19-image-repository (copy retrieved from https://github.com/ieee8023/covid-chestxray-dataset, images/<id>.jpg). CC BY 3.0","",""
"4 Real clinical media","98c24e39:caption","Real media › xray","Portable AP film, severe bilateral disease — caption","Dense opacities in both lungs with many tubes, lines and leads over the chest — typical of a sick ICU patient; the lines are not lung disease.","Institute for Diagnostic and Interventional Radiology, Hannover Medical School (MHH), Germany. COVID-19 Image Repository — https://github.com/ml-workgroup/covid-19-image-repository (copy retrieved from https://github.com/ieee8023/covid-chestxray-dataset, images/<id>.jpg). CC BY 3.0","",""
"4 Real clinical media","98c24e39:look","Real media › xray","Portable AP film, severe bilateral disease — look for","Opacities in both lungs · Many external lines — follow each one · Borders of heart and diaphragm blurred","Institute for Diagnostic and Interventional Radiology, Hannover Medical School (MHH), Germany. COVID-19 Image Repository — https://github.com/ml-workgroup/covid-19-image-repository (copy retrieved from https://github.com/ieee8023/covid-chestxray-dataset, images/<id>.jpg). CC BY 3.0","",""
"4 Real clinical media","bfefde5d:caption","Real media › xray","Bedside film, lungs largely clear — caption","A bedside (""Bettaufnahme"") film with largely clear lungs and an implanted port in the left upper chest — a baseline to compare against.","Institute for Diagnostic and Interventional Radiology, Hannover Medical School (MHH), Germany. COVID-19 Image Repository — https://github.com/ml-workgroup/covid-19-image-repository (copy retrieved from https://github.com/ieee8023/covid-chestxray-dataset, images/<id>.jpg). CC BY 3.0","",""
"4 Real clinical media","bfefde5d:look","Real media › xray","Bedside film, lungs largely clear — look for","Lung markings reach the periphery · Sharp heart and diaphragm borders · Port catheter from the left chest wall","Institute for Diagnostic and Interventional Radiology, Hannover Medical School (MHH), Germany. COVID-19 Image Repository — https://github.com/ml-workgroup/covid-19-image-repository (copy retrieved from https://github.com/ieee8023/covid-chestxray-dataset, images/<id>.jpg). CC BY 3.0","",""
"4 Real clinical media","alines:caption","Real media › lus","A-lines: aerated lung — caption","Longitudinal anterior chest scan in aerated lung: horizontal repeats of the pleural line (A-lines). Faint in this clip.","Ana Luisa Silveira Vieira, José Muniz Pazeli Júnior, Marcus Gomes Bastos. “Role of point-of-care ultrasound during the COVID-19 pandemic: our recommendations in the management of dialytic patients”, The Ultrasound Journal 12:30 (2020), https://doi.org/10.1186/s13089-020-00177-4 (clip via https://github.com/jannisborn/covid19_ultrasound). CC BY 4.0","",""
"4 Real clinical media","alines:look","Real media › lus","A-lines: aerated lung — look for","Bright pleural line · Horizontal repeats at equal spacing · No vertical B-lines","Ana Luisa Silveira Vieira, José Muniz Pazeli Júnior, Marcus Gomes Bastos. “Role of point-of-care ultrasound during the COVID-19 pandemic: our recommendations in the management of dialytic patients”, The Ultrasound Journal 12:30 (2020), https://doi.org/10.1186/s13089-020-00177-4 (clip via https://github.com/jannisborn/covid19_ultrasound). CC BY 4.0","",""
"4 Real clinical media","blines:caption","Real media › lus","B-lines — caption","Right lateral chest in COVID-19 pneumonia: vertical bright B-lines from the pleural line to the bottom of the screen, alternating with A-lines, and a thickened pleura.","Giovanni Volpicelli, Luna Gargani. “Sonographic signs and patterns of COVID-19 pneumonia”, The Ultrasound Journal 12:22 (2020), https://doi.org/10.1186/s13089-020-00171-w (clip via https://github.com/jannisborn/covid19_ultrasound). CC BY 4.0","",""
"4 Real clinical media","blines:look","Real media › lus","B-lines — look for","Vertical lines from the pleura · They reach the bottom of the screen · They move with lung sliding","Giovanni Volpicelli, Luna Gargani. “Sonographic signs and patterns of COVID-19 pneumonia”, The Ultrasound Journal 12:22 (2020), https://doi.org/10.1186/s13089-020-00171-w (clip via https://github.com/jannisborn/covid19_ultrasound). CC BY 4.0","",""
"4 Real clinical media","whitelung:caption","Real media › lus","White lung: confluent B-lines — caption","H1N1 pneumonia, lateral mid-chest: confluent B-lines (""white lung"") with superficial consolidation and a thickened pleural line.","Americo Testa, Gino Soldati, Roberto Copetti, Rosangela Giannuzzi, Grazia Portale, Nicolò Gentiloni-Silveri. “Early recognition of the 2009 pandemic influenza A (H1N1) pneumonia by chest ultrasound”, Critical Care 16:R30 (2012), https://doi.org/10.1186/cc11201 (clip via https://github.com/jannisborn/covid19_ultrasound). CC BY 2.0","",""
"4 Real clinical media","whitelung:look","Real media › lus","White lung: confluent B-lines — look for","No black gaps between B-lines · Irregular pleural line · Small subpleural consolidations","Americo Testa, Gino Soldati, Roberto Copetti, Rosangela Giannuzzi, Grazia Portale, Nicolò Gentiloni-Silveri. “Early recognition of the 2009 pandemic influenza A (H1N1) pneumonia by chest ultrasound”, Critical Care 16:R30 (2012), https://doi.org/10.1186/cc11201 (clip via https://github.com/jannisborn/covid19_ultrasound). CC BY 2.0","",""
"4 Real clinical media","ptx-expiratory:caption","Real media › ptx","Left pneumothorax — film taken in expiration — caption","Upright AP film taken in expiration. The “Sin” marker (sinister = left) sits over the image right, so the patient’s left is on your right. At the top of the left chest is black air with no lung markings, above a thin white line where the edge of the left upper lobe has fallen away from the chest wall — a left apical pneumothorax. The trachea and mediastinum stay central: not tension.","Mikael Häggström, M.D.. Wikimedia Commons, own work (5 March 2018) — https://commons.wikimedia.org/wiki/File:Expired_X-ray_of_pneumothorax.jpg. CC0","",""
"4 Real clinical media","ptx-expiratory:look","Real media › ptx","Left pneumothorax — film taken in expiration — look for","The “Sin” marker: patient’s left is on the image right · Left apex: black, markingless air · The lung edge — a thin white line just above the ECG electrode ring · Right lung: markings reach the chest wall · Trachea central; below the left diaphragm, stomach gas with a flat fluid level","Mikael Häggström, M.D.. Wikimedia Commons, own work (5 March 2018) — https://commons.wikimedia.org/wiki/File:Expired_X-ray_of_pneumothorax.jpg. CC0","",""
"4 Real clinical media","ptx-expiratory:teach","Real media › ptx","Left pneumothorax — film taken in expiration — teaching points","Breathing out shrinks the lung but not the trapped pleural air, so a small pneumothorax is easier to see — expiratory films are not routine; an ordinary inspiratory film shows most. · Upright, pleural air rises to the apex; supine, it collects in front and at the base (the deep sulcus sign) instead. · Follow the markings to where they stop — skin folds, the scapula edge and external wires make lines too, but lung markings continue past them. · Tension is a clinical diagnosis — a crashing patient gets decompressed, not a film. Here the mediastinum is central.","Mikael Häggström, M.D.. Wikimedia Commons, own work (5 March 2018) — https://commons.wikimedia.org/wiki/File:Expired_X-ray_of_pneumothorax.jpg. CC0","",""
"4 Real clinical media","ptx-expiratory:quiz","Real media › ptx","Left pneumothorax — film taken in expiration — question","Where is the pneumothorax on this film? Answer: Left apex. Explanation: The “Sin” (left) marker is on the image right. On that side the top of the chest is black with no markings above a thin lung-edge line. The black area under the left diaphragm is stomach gas — it has a flat fluid level and sits below the diaphragm.","Mikael Häggström, M.D.. Wikimedia Commons, own work (5 March 2018) — https://commons.wikimedia.org/wiki/File:Expired_X-ray_of_pneumothorax.jpg. CC0","",""
"4 Real clinical media","ptx-expiratory:marks","Real media › ptx","Left pneumothorax — film taken in expiration — overlay labels (check placement in the app)","pathology: Lung edge (visceral pleura) · pathology: Pleural air — no markings · landmark: “Sin” = patient’s left · landmark: Trachea — central · landmark: Right lung: markings to the edge · landmark: ECG electrode (outside the chest) · landmark: Stomach gas under the diaphragm","Mikael Häggström, M.D.. Wikimedia Commons, own work (5 March 2018) — https://commons.wikimedia.org/wiki/File:Expired_X-ray_of_pneumothorax.jpg. CC0","",""
"4 Real clinical media","fast-ruq-positive:caption","Real media › fast","Positive FAST — right upper quadrant — caption","Right-upper-quadrant (hepatorenal) view, probe marker toward the head. Liver in the near field, right kidney beneath it, and between them a thin black crescent of free fluid in Morison’s pouch. The probe then sweeps toward the liver tip, where more fluid shows.","Gillman L, Ball C, Panebianco N, Al-Kadi A, Kirkpatrick A. “Clinician performed resuscitative ultrasonography for the initial evaluation and resuscitation of trauma”, Scandinavian Journal of Trauma, Resuscitation and Emergency Medicine 17:34 (2009), https://doi.org/10.1186/1757-7241-17-34 — supplementary video S1 (“Positive FAST of Hepatorenal Fossa”), via Wikimedia Commons https://commons.wikimedia.org/wiki/File:Clinician-performed-resuscitative-ultrasonography-for-the-initial-evaluation-and-resuscitation-of-1757-7241-17-34-S1.ogv. CC BY 2.0","",""
"4 Real clinical media","fast-ruq-positive:look","Real media › fast","Positive FAST — right upper quadrant — look for","Liver — fine, even texture at the top of the fan · Right kidney — bright central sinus, darker cortex · Morison’s pouch — the interface between liver and kidney · A black (anechoic) crescent there = free fluid · Later frames: more fluid near the liver tip","Gillman L, Ball C, Panebianco N, Al-Kadi A, Kirkpatrick A. “Clinician performed resuscitative ultrasonography for the initial evaluation and resuscitation of trauma”, Scandinavian Journal of Trauma, Resuscitation and Emergency Medicine 17:34 (2009), https://doi.org/10.1186/1757-7241-17-34 — supplementary video S1 (“Positive FAST of Hepatorenal Fossa”), via Wikimedia Commons https://commons.wikimedia.org/wiki/File:Clinician-performed-resuscitative-ultrasonography-for-the-initial-evaluation-and-resuscitation-of-1757-7241-17-34-S1.ogv. CC BY 2.0","",""
"4 Real clinical media","fast-ruq-positive:teach","Real media › fast","Positive FAST — right upper quadrant — teaching points","Supine, Morison’s pouch is the lowest upper-abdominal space, so fluid gathers there first. · In an unstable trauma patient a positive FAST points to the abdomen as the bleeding source — theatre or angiography. · A negative FAST does not rule out injury: small volumes and retroperitoneal bleeding are missed. Repeat it when things change. · Clotted blood can look grey rather than black.","Gillman L, Ball C, Panebianco N, Al-Kadi A, Kirkpatrick A. “Clinician performed resuscitative ultrasonography for the initial evaluation and resuscitation of trauma”, Scandinavian Journal of Trauma, Resuscitation and Emergency Medicine 17:34 (2009), https://doi.org/10.1186/1757-7241-17-34 — supplementary video S1 (“Positive FAST of Hepatorenal Fossa”), via Wikimedia Commons https://commons.wikimedia.org/wiki/File:Clinician-performed-resuscitative-ultrasonography-for-the-initial-evaluation-and-resuscitation-of-1757-7241-17-34-S1.ogv. CC BY 2.0","",""
"4 Real clinical media","fast-ruq-positive:quiz","Real media › fast","Positive FAST — right upper quadrant — question","What is the black stripe between liver and kidney? Answer: Free intraperitoneal fluid in Morison’s pouch. Explanation: Fluid is anechoic (black). Between liver and kidney it sits in the hepatorenal recess — in trauma, blood until proven otherwise. Rib shadows are black bands that run from the probe straight down through everything.","Gillman L, Ball C, Panebianco N, Al-Kadi A, Kirkpatrick A. “Clinician performed resuscitative ultrasonography for the initial evaluation and resuscitation of trauma”, Scandinavian Journal of Trauma, Resuscitation and Emergency Medicine 17:34 (2009), https://doi.org/10.1186/1757-7241-17-34 — supplementary video S1 (“Positive FAST of Hepatorenal Fossa”), via Wikimedia Commons https://commons.wikimedia.org/wiki/File:Clinician-performed-resuscitative-ultrasonography-for-the-initial-evaluation-and-resuscitation-of-1757-7241-17-34-S1.ogv. CC BY 2.0","",""
"4 Real clinical media","fast-ruq-positive:marks","Real media › fast","Positive FAST — right upper quadrant — overlay labels (check placement in the app)","landmark: Liver · landmark: Right kidney · landmark: Morison’s pouch · pathology: Free fluid (anechoic)","Gillman L, Ball C, Panebianco N, Al-Kadi A, Kirkpatrick A. “Clinician performed resuscitative ultrasonography for the initial evaluation and resuscitation of trauma”, Scandinavian Journal of Trauma, Resuscitation and Emergency Medicine 17:34 (2009), https://doi.org/10.1186/1757-7241-17-34 — supplementary video S1 (“Positive FAST of Hepatorenal Fossa”), via Wikimedia Commons https://commons.wikimedia.org/wiki/File:Clinician-performed-resuscitative-ultrasonography-for-the-initial-evaluation-and-resuscitation-of-1757-7241-17-34-S1.ogv. CC BY 2.0","",""
"4 Real clinical media","ivc-2026-video-s1:caption","Real media › ivc","IVC — long axis under the liver — caption","Subxiphoid long-axis scan. The inferior vena cava is the dark tube running across the screen deep to the liver, with a hepatic vein above it. The patient’s head is to the screen left: followed that way, the IVC reaches its junction with the right atrium. The probe rocks during the clip, so the view changes.","Nathan C. Shaul, Alan M. Smeltz, Evan J. Raff, Shawn Jia, Lauriane Guichard, Daniel J. Rosenkrans, Jay W. Schoenherr, Jacob D. Acton, Duncan J. McLean, Mark E. Henry, Alexander Doyal. “Point-of-care ultrasound to evaluate volume status in congestive heart failure”, Journal of Cardiovascular Imaging 34:17 (2026), https://doi.org/10.1186/s44348-026-00078-5 — supplementary item 1, https://www.ebi.ac.uk/europepmc/webservices/rest/PMC13343992/supplementaryFiles → 44348_2026_78_MOESM1_ESM.avi. CC BY 4.0","",""
"4 Real clinical media","ivc-2026-video-s1:look","Real media › ivc","IVC — long axis under the liver — look for","Liver on top as the window · IVC — the dark tube running across the screen, deep to the liver · A hepatic vein in the liver above it · Screen left = toward the head and the right atrium · Diameter change with breathing — judge it over several breaths, not one frame","Nathan C. Shaul, Alan M. Smeltz, Evan J. Raff, Shawn Jia, Lauriane Guichard, Daniel J. Rosenkrans, Jay W. Schoenherr, Jacob D. Acton, Duncan J. McLean, Mark E. Henry, Alexander Doyal. “Point-of-care ultrasound to evaluate volume status in congestive heart failure”, Journal of Cardiovascular Imaging 34:17 (2026), https://doi.org/10.1186/s44348-026-00078-5 — supplementary item 1, https://www.ebi.ac.uk/europepmc/webservices/rest/PMC13343992/supplementaryFiles → 44348_2026_78_MOESM1_ESM.avi. CC BY 4.0","",""
"4 Real clinical media","ivc-2026-video-s1:teach","Real media › ivc","IVC — long axis under the liver — teaching points","Prove it is the IVC by following it into the right atrium — the aorta lies deeper and to the left and never enters the heart. · Measure 1–2 cm below the hepatic-vein junction, at right angles to the vessel. · Small and collapsing fits a low right-atrial pressure; wide and fixed fits a high one. · It does not reliably predict who will respond to fluid: positive-pressure ventilation, raised abdominal pressure, RV failure, tricuspid regurgitation and vigorous breathing all change it. · Read it with the lungs, the heart, the patient and the trend — never alone.","Nathan C. Shaul, Alan M. Smeltz, Evan J. Raff, Shawn Jia, Lauriane Guichard, Daniel J. Rosenkrans, Jay W. Schoenherr, Jacob D. Acton, Duncan J. McLean, Mark E. Henry, Alexander Doyal. “Point-of-care ultrasound to evaluate volume status in congestive heart failure”, Journal of Cardiovascular Imaging 34:17 (2026), https://doi.org/10.1186/s44348-026-00078-5 — supplementary item 1, https://www.ebi.ac.uk/europepmc/webservices/rest/PMC13343992/supplementaryFiles → 44348_2026_78_MOESM1_ESM.avi. CC BY 4.0","",""
"4 Real clinical media","ivc-2026-video-s1:quiz","Real media › ivc","IVC — long axis under the liver — question","A wide IVC that barely changes with breathing most directly tells you… Answer: Right-atrial pressure is high. Explanation: IVC size reflects right-atrial pressure. That can be high from volume, RV failure, tamponade, tricuspid regurgitation or positive pressure — it is not a verdict on fluid responsiveness.","Nathan C. Shaul, Alan M. Smeltz, Evan J. Raff, Shawn Jia, Lauriane Guichard, Daniel J. Rosenkrans, Jay W. Schoenherr, Jacob D. Acton, Duncan J. McLean, Mark E. Henry, Alexander Doyal. “Point-of-care ultrasound to evaluate volume status in congestive heart failure”, Journal of Cardiovascular Imaging 34:17 (2026), https://doi.org/10.1186/s44348-026-00078-5 — supplementary item 1, https://www.ebi.ac.uk/europepmc/webservices/rest/PMC13343992/supplementaryFiles → 44348_2026_78_MOESM1_ESM.avi. CC BY 4.0","",""
"4 Real clinical media","ivc-2026-video-s1:marks","Real media › ivc","IVC — long axis under the liver — overlay labels (check placement in the app)","landmark: Liver · landmark: Hepatic vein · landmark: IVC (long axis) · landmark: ← toward the right atrium","Nathan C. Shaul, Alan M. Smeltz, Evan J. Raff, Shawn Jia, Lauriane Guichard, Daniel J. Rosenkrans, Jay W. Schoenherr, Jacob D. Acton, Duncan J. McLean, Mark E. Henry, Alexander Doyal. “Point-of-care ultrasound to evaluate volume status in congestive heart failure”, Journal of Cardiovascular Imaging 34:17 (2026), https://doi.org/10.1186/s44348-026-00078-5 — supplementary item 1, https://www.ebi.ac.uk/europepmc/webservices/rest/PMC13343992/supplementaryFiles → 44348_2026_78_MOESM1_ESM.avi. CC BY 4.0","",""
"4 Real clinical media","ijv-2026-video-s2:caption","Real media › ijv","Internal jugular vein — long axis and collapse point — caption","Long-axis neck scan with a linear probe. The internal jugular vein is the superficial dark tube; the carotid artery runs deeper and parallel to it. Where the vein’s walls come together is its collapse point. With probe pressure the vein flattens while the carotid stays open and pulses.","Nathan C. Shaul, Alan M. Smeltz, Evan J. Raff, Shawn Jia, Lauriane Guichard, Daniel J. Rosenkrans, Jay W. Schoenherr, Jacob D. Acton, Duncan J. McLean, Mark E. Henry, Alexander Doyal. “Point-of-care ultrasound to evaluate volume status in congestive heart failure”, Journal of Cardiovascular Imaging 34:17 (2026), https://doi.org/10.1186/s44348-026-00078-5 — supplementary item 2, https://www.ebi.ac.uk/europepmc/webservices/rest/PMC13343992/supplementaryFiles → 44348_2026_78_MOESM2_ESM.avi. CC BY 4.0","",""
"4 Real clinical media","ijv-2026-video-s2:look","Real media › ijv","Internal jugular vein — long axis and collapse point — look for","Sternocleidomastoid on top · IJV — the superficial dark tube · Carotid — the deeper, parallel tube that keeps its shape · Collapse point — where the vein’s walls meet · Under pressure: the vein flattens; the artery pulses and stays open","Nathan C. Shaul, Alan M. Smeltz, Evan J. Raff, Shawn Jia, Lauriane Guichard, Daniel J. Rosenkrans, Jay W. Schoenherr, Jacob D. Acton, Duncan J. McLean, Mark E. Henry, Alexander Doyal. “Point-of-care ultrasound to evaluate volume status in congestive heart failure”, Journal of Cardiovascular Imaging 34:17 (2026), https://doi.org/10.1186/s44348-026-00078-5 — supplementary item 2, https://www.ebi.ac.uk/europepmc/webservices/rest/PMC13343992/supplementaryFiles → 44348_2026_78_MOESM2_ESM.avi. CC BY 4.0","",""
"4 Real clinical media","ijv-2026-video-s2:teach","Real media › ijv","Internal jugular vein — long axis and collapse point — teaching points","In long axis both vessels are tubes, so shape cannot separate them — use depth, compressibility and pulsatility, and check in short axis too. · Doppler colour shows direction relative to the probe, not artery or vein: red and blue alone prove nothing. · Veins can look pulsatile from transmitted pulsation; an artery still will not collapse. · Where the vein sits over the artery, a needle through both walls of the vein reaches the carotid — keep the tip in view. · The collapse point moves with volume and breathing: head-down tilt or a Valsalva fills the vein and gives a bigger target.","Nathan C. Shaul, Alan M. Smeltz, Evan J. Raff, Shawn Jia, Lauriane Guichard, Daniel J. Rosenkrans, Jay W. Schoenherr, Jacob D. Acton, Duncan J. McLean, Mark E. Henry, Alexander Doyal. “Point-of-care ultrasound to evaluate volume status in congestive heart failure”, Journal of Cardiovascular Imaging 34:17 (2026), https://doi.org/10.1186/s44348-026-00078-5 — supplementary item 2, https://www.ebi.ac.uk/europepmc/webservices/rest/PMC13343992/supplementaryFiles → 44348_2026_78_MOESM2_ESM.avi. CC BY 4.0","",""
"4 Real clinical media","ijv-2026-video-s2:quiz","Real media › ijv","Internal jugular vein — long axis and collapse point — question","Which finding best identifies the vein? Answer: It collapses completely with gentle probe pressure. Explanation: Veins collapse under light pressure; arteries do not. Colour depends on flow direction relative to the probe, veins can pulsate, and depth varies between people.","Nathan C. Shaul, Alan M. Smeltz, Evan J. Raff, Shawn Jia, Lauriane Guichard, Daniel J. Rosenkrans, Jay W. Schoenherr, Jacob D. Acton, Duncan J. McLean, Mark E. Henry, Alexander Doyal. “Point-of-care ultrasound to evaluate volume status in congestive heart failure”, Journal of Cardiovascular Imaging 34:17 (2026), https://doi.org/10.1186/s44348-026-00078-5 — supplementary item 2, https://www.ebi.ac.uk/europepmc/webservices/rest/PMC13343992/supplementaryFiles → 44348_2026_78_MOESM2_ESM.avi. CC BY 4.0","",""
"4 Real clinical media","ijv-2026-video-s2:marks","Real media › ijv","Internal jugular vein — long axis and collapse point — overlay labels (check placement in the app)","landmark: Sternocleidomastoid · landmark: Internal jugular vein · landmark: Carotid artery (deeper) · pathology: Collapse point","Nathan C. Shaul, Alan M. Smeltz, Evan J. Raff, Shawn Jia, Lauriane Guichard, Daniel J. Rosenkrans, Jay W. Schoenherr, Jacob D. Acton, Duncan J. McLean, Mark E. Henry, Alexander Doyal. “Point-of-care ultrasound to evaluate volume status in congestive heart failure”, Journal of Cardiovascular Imaging 34:17 (2026), https://doi.org/10.1186/s44348-026-00078-5 — supplementary item 2, https://www.ebi.ac.uk/europepmc/webservices/rest/PMC13343992/supplementaryFiles → 44348_2026_78_MOESM2_ESM.avi. CC BY 4.0","",""
"4 Real clinical media","lus-lung-point-gillman:caption","Real media › ptxlus","Lung point — pneumothorax on ultrasound — caption","Real trauma scan over the right upper chest with a linear probe. The lung point is the edge of the pneumothorax: on one side of it the pleura is still (air), and with each breath the lung slides in from the screen right and back out again.","Gillman L, Ball C, Panebianco N, Al-Kadi A, Kirkpatrick A. “Clinician performed resuscitative ultrasonography for the initial evaluation and resuscitation of trauma”, Scandinavian Journal of Trauma, Resuscitation and Emergency Medicine 17:34 (2009), https://doi.org/10.1186/1757-7241-17-34 — supplementary video S7 (“Lung Point”), via Wikimedia Commons https://commons.wikimedia.org/wiki/File:Clinician-performed-resuscitative-ultrasonography-for-the-initial-evaluation-and-resuscitation-of-1757-7241-17-34-S7.ogv. CC BY 2.0","",""
"4 Real clinical media","lus-lung-point-gillman:look","Real media › ptxlus","Lung point — pneumothorax on ultrasound — look for","The bright pleural line under the chest wall · Where the pleura stays still — only A-lines beneath · Lung sliding in from the screen right with each breath · The lung point — the spot where the two meet, moving with breathing","Gillman L, Ball C, Panebianco N, Al-Kadi A, Kirkpatrick A. “Clinician performed resuscitative ultrasonography for the initial evaluation and resuscitation of trauma”, Scandinavian Journal of Trauma, Resuscitation and Emergency Medicine 17:34 (2009), https://doi.org/10.1186/1757-7241-17-34 — supplementary video S7 (“Lung Point”), via Wikimedia Commons https://commons.wikimedia.org/wiki/File:Clinician-performed-resuscitative-ultrasonography-for-the-initial-evaluation-and-resuscitation-of-1757-7241-17-34-S7.ogv. CC BY 2.0","",""
"4 Real clinical media","lus-lung-point-gillman:teach","Real media › ptxlus","Lung point — pneumothorax on ultrasound — teaching points","Absent sliding alone is not a pneumothorax: pleurodesis, apnoea, mainstem intubation and adhesions stop sliding too. · B-lines or a lung pulse where you look rule out a pneumothorax at that spot — the pleurae are touching. · A lung point confirms a pneumothorax, and where it sits hints at its size: the further lateral and posterior, the bigger. · In a crashing patient with absent sliding and no lung point, treat the patient, not the scan.","Gillman L, Ball C, Panebianco N, Al-Kadi A, Kirkpatrick A. “Clinician performed resuscitative ultrasonography for the initial evaluation and resuscitation of trauma”, Scandinavian Journal of Trauma, Resuscitation and Emergency Medicine 17:34 (2009), https://doi.org/10.1186/1757-7241-17-34 — supplementary video S7 (“Lung Point”), via Wikimedia Commons https://commons.wikimedia.org/wiki/File:Clinician-performed-resuscitative-ultrasonography-for-the-initial-evaluation-and-resuscitation-of-1757-7241-17-34-S7.ogv. CC BY 2.0","",""
"4 Real clinical media","lus-lung-point-gillman:quiz","Real media › ptxlus","Lung point — pneumothorax on ultrasound — question","Which finding confirms a pneumothorax? Answer: A lung point. Explanation: Absent sliding, A-lines and no B-lines all fit a pneumothorax but have other causes. A lung point — sliding lung meeting still pleural air at one spot — is specific.","Gillman L, Ball C, Panebianco N, Al-Kadi A, Kirkpatrick A. “Clinician performed resuscitative ultrasonography for the initial evaluation and resuscitation of trauma”, Scandinavian Journal of Trauma, Resuscitation and Emergency Medicine 17:34 (2009), https://doi.org/10.1186/1757-7241-17-34 — supplementary video S7 (“Lung Point”), via Wikimedia Commons https://commons.wikimedia.org/wiki/File:Clinician-performed-resuscitative-ultrasonography-for-the-initial-evaluation-and-resuscitation-of-1757-7241-17-34-S7.ogv. CC BY 2.0","",""
"4 Real clinical media","lus-absent-sliding-gillman:caption","Real media › ptxlus","Absent lung sliding — caption","Linear-probe scan over the front of the chest. The bright pleural line between two rib shadows stays still as the patient breathes — no shimmer. Late in the clip the probe slides along the chest.","Gillman L, Ball C, Panebianco N, Al-Kadi A, Kirkpatrick A. “Clinician performed resuscitative ultrasonography for the initial evaluation and resuscitation of trauma”, Scandinavian Journal of Trauma, Resuscitation and Emergency Medicine 17:34 (2009), https://doi.org/10.1186/1757-7241-17-34 — supplementary video S4 (“Absent Lung Sliding”), via Wikimedia Commons https://commons.wikimedia.org/wiki/File:Clinician-performed-resuscitative-ultrasonography-for-the-initial-evaluation-and-resuscitation-of-1757-7241-17-34-S4.ogv. CC BY 2.0","",""
"4 Real clinical media","lus-absent-sliding-gillman:look","Real media › ptxlus","Absent lung sliding — look for","The pleural line between the rib shadows · No shimmer or to-and-fro movement · A-lines persist below · No B-lines","Gillman L, Ball C, Panebianco N, Al-Kadi A, Kirkpatrick A. “Clinician performed resuscitative ultrasonography for the initial evaluation and resuscitation of trauma”, Scandinavian Journal of Trauma, Resuscitation and Emergency Medicine 17:34 (2009), https://doi.org/10.1186/1757-7241-17-34 — supplementary video S4 (“Absent Lung Sliding”), via Wikimedia Commons https://commons.wikimedia.org/wiki/File:Clinician-performed-resuscitative-ultrasonography-for-the-initial-evaluation-and-resuscitation-of-1757-7241-17-34-S4.ogv. CC BY 2.0","",""
"4 Real clinical media","lus-absent-sliding-gillman:teach","Real media › ptxlus","Absent lung sliding — teaching points","Absent sliding fits a pneumothorax but is not specific: apnoea, mainstem intubation, pleurodesis and adhesions also stop it. · Look for a lung point to confirm, and for B-lines or a lung pulse to exclude. · In a crashing patient with absent sliding and a tension picture, decompress — do not wait for a lung point.","Gillman L, Ball C, Panebianco N, Al-Kadi A, Kirkpatrick A. “Clinician performed resuscitative ultrasonography for the initial evaluation and resuscitation of trauma”, Scandinavian Journal of Trauma, Resuscitation and Emergency Medicine 17:34 (2009), https://doi.org/10.1186/1757-7241-17-34 — supplementary video S4 (“Absent Lung Sliding”), via Wikimedia Commons https://commons.wikimedia.org/wiki/File:Clinician-performed-resuscitative-ultrasonography-for-the-initial-evaluation-and-resuscitation-of-1757-7241-17-34-S4.ogv. CC BY 2.0","",""
"4 Real clinical media","lus-absent-sliding-gillman:quiz","Real media › ptxlus","Absent lung sliding — question","Absent sliding with A-lines and no B-lines means… Answer: A pneumothorax is likely — look for a lung point. Explanation: This pattern is suggestive, not proof. The lung point is the specific sign; B-lines or a lung pulse exclude a pneumothorax at that spot.","Gillman L, Ball C, Panebianco N, Al-Kadi A, Kirkpatrick A. “Clinician performed resuscitative ultrasonography for the initial evaluation and resuscitation of trauma”, Scandinavian Journal of Trauma, Resuscitation and Emergency Medicine 17:34 (2009), https://doi.org/10.1186/1757-7241-17-34 — supplementary video S4 (“Absent Lung Sliding”), via Wikimedia Commons https://commons.wikimedia.org/wiki/File:Clinician-performed-resuscitative-ultrasonography-for-the-initial-evaluation-and-resuscitation-of-1757-7241-17-34-S4.ogv. CC BY 2.0","",""
"4 Real clinical media","lus-absent-sliding-gillman:marks","Real media › ptxlus","Absent lung sliding — overlay labels (check placement in the app)","landmark: Pleural line · landmark: Rib shadow · landmark: Rib shadow · pathology: Still — no sliding","Gillman L, Ball C, Panebianco N, Al-Kadi A, Kirkpatrick A. “Clinician performed resuscitative ultrasonography for the initial evaluation and resuscitation of trauma”, Scandinavian Journal of Trauma, Resuscitation and Emergency Medicine 17:34 (2009), https://doi.org/10.1186/1757-7241-17-34 — supplementary video S4 (“Absent Lung Sliding”), via Wikimedia Commons https://commons.wikimedia.org/wiki/File:Clinician-performed-resuscitative-ultrasonography-for-the-initial-evaluation-and-resuscitation-of-1757-7241-17-34-S4.ogv. CC BY 2.0","",""
"4 Real clinical media","ivc-collapse-gillman:caption","Real media › ivc","IVC collapsing with each breath — caption","Subxiphoid scan through the liver. The IVC is the dark band crossing the middle of the screen; it narrows almost to nothing with each breath in and reopens on breathing out.","Gillman L, Ball C, Panebianco N, Al-Kadi A, Kirkpatrick A. “Clinician performed resuscitative ultrasonography for the initial evaluation and resuscitation of trauma”, Scandinavian Journal of Trauma, Resuscitation and Emergency Medicine 17:34 (2009), https://doi.org/10.1186/1757-7241-17-34 — supplementary video S8 (“Ultrasound Assessment of Volume Status”), via Wikimedia Commons https://commons.wikimedia.org/wiki/File:Clinician-performed-resuscitative-ultrasonography-for-the-initial-evaluation-and-resuscitation-of-1757-7241-17-34-S8.ogv. CC BY 2.0","",""
"4 Real clinical media","ivc-collapse-gillman:look","Real media › ivc","IVC collapsing with each breath — look for","The IVC passing through the liver · Near-complete collapse on inspiration · Re-expansion on expiration · Compare with the wide, fixed IVC of heart failure","Gillman L, Ball C, Panebianco N, Al-Kadi A, Kirkpatrick A. “Clinician performed resuscitative ultrasonography for the initial evaluation and resuscitation of trauma”, Scandinavian Journal of Trauma, Resuscitation and Emergency Medicine 17:34 (2009), https://doi.org/10.1186/1757-7241-17-34 — supplementary video S8 (“Ultrasound Assessment of Volume Status”), via Wikimedia Commons https://commons.wikimedia.org/wiki/File:Clinician-performed-resuscitative-ultrasonography-for-the-initial-evaluation-and-resuscitation-of-1757-7241-17-34-S8.ogv. CC BY 2.0","",""
"4 Real clinical media","ivc-collapse-gillman:teach","Real media › ivc","IVC collapsing with each breath — teaching points","Collapse with spontaneous breaths fits a low right-atrial pressure, as in hypovolaemia. · It is not a reliable test of fluid responsiveness on its own, and the pattern reverses on positive-pressure ventilation. · Vigorous breathing can collapse a normal IVC; look at the whole patient.","Gillman L, Ball C, Panebianco N, Al-Kadi A, Kirkpatrick A. “Clinician performed resuscitative ultrasonography for the initial evaluation and resuscitation of trauma”, Scandinavian Journal of Trauma, Resuscitation and Emergency Medicine 17:34 (2009), https://doi.org/10.1186/1757-7241-17-34 — supplementary video S8 (“Ultrasound Assessment of Volume Status”), via Wikimedia Commons https://commons.wikimedia.org/wiki/File:Clinician-performed-resuscitative-ultrasonography-for-the-initial-evaluation-and-resuscitation-of-1757-7241-17-34-S8.ogv. CC BY 2.0","",""
"4 Real clinical media","ivc-collapse-gillman:quiz","Real media › ivc","IVC collapsing with each breath — question","A small IVC that collapses completely on inspiration most directly suggests… Answer: Low right-atrial pressure. Explanation: A small, collapsing IVC fits a low right-atrial pressure. Tamponade, RV failure and overload all give a wide, fixed IVC.","Gillman L, Ball C, Panebianco N, Al-Kadi A, Kirkpatrick A. “Clinician performed resuscitative ultrasonography for the initial evaluation and resuscitation of trauma”, Scandinavian Journal of Trauma, Resuscitation and Emergency Medicine 17:34 (2009), https://doi.org/10.1186/1757-7241-17-34 — supplementary video S8 (“Ultrasound Assessment of Volume Status”), via Wikimedia Commons https://commons.wikimedia.org/wiki/File:Clinician-performed-resuscitative-ultrasonography-for-the-initial-evaluation-and-resuscitation-of-1757-7241-17-34-S8.ogv. CC BY 2.0","",""
"4 Real clinical media","ivc-collapse-gillman:marks","Real media › ivc","IVC collapsing with each breath — overlay labels (check placement in the app)","landmark: Liver · landmark: IVC (open on expiration)","Gillman L, Ball C, Panebianco N, Al-Kadi A, Kirkpatrick A. “Clinician performed resuscitative ultrasonography for the initial evaluation and resuscitation of trauma”, Scandinavian Journal of Trauma, Resuscitation and Emergency Medicine 17:34 (2009), https://doi.org/10.1186/1757-7241-17-34 — supplementary video S8 (“Ultrasound Assessment of Volume Status”), via Wikimedia Commons https://commons.wikimedia.org/wiki/File:Clinician-performed-resuscitative-ultrasonography-for-the-initial-evaluation-and-resuscitation-of-1757-7241-17-34-S8.ogv. CC BY 2.0","",""
"4 Real clinical media","pleural-fluid-gillman:caption","Real media › pleuraleff","Large pleural effusion — caption","A resuscitative scan of a large pleural collection, as published. Look for the black, anechoic fluid and the tissue that moves within it with breathing. (No overlays: the published caption does not name the structures, so we have not guessed them.)","Gillman L, Ball C, Panebianco N, Al-Kadi A, Kirkpatrick A. “Clinician performed resuscitative ultrasonography for the initial evaluation and resuscitation of trauma”, Scandinavian Journal of Trauma, Resuscitation and Emergency Medicine 17:34 (2009), https://doi.org/10.1186/1757-7241-17-34 — supplementary video S2 (“Pleural Fluid”), via Wikimedia Commons https://commons.wikimedia.org/wiki/File:Clinician-performed-resuscitative-ultrasonography-for-the-initial-evaluation-and-resuscitation-of-1757-7241-17-34-S2.ogv. CC BY 2.0","",""
"4 Real clinical media","pleural-fluid-gillman:look","Real media › pleuraleff","Large pleural effusion — look for","The diaphragm and liver or spleen below · A black fluid space above the diaphragm · Collapsed lung moving within the fluid · The spine visible through the fluid","Gillman L, Ball C, Panebianco N, Al-Kadi A, Kirkpatrick A. “Clinician performed resuscitative ultrasonography for the initial evaluation and resuscitation of trauma”, Scandinavian Journal of Trauma, Resuscitation and Emergency Medicine 17:34 (2009), https://doi.org/10.1186/1757-7241-17-34 — supplementary video S2 (“Pleural Fluid”), via Wikimedia Commons https://commons.wikimedia.org/wiki/File:Clinician-performed-resuscitative-ultrasonography-for-the-initial-evaluation-and-resuscitation-of-1757-7241-17-34-S2.ogv. CC BY 2.0","",""
"4 Real clinical media","pleural-fluid-gillman:teach","Real media › pleuraleff","Large pleural effusion — teaching points","Fluid is anechoic; above the diaphragm it is pleural, below it is in the abdomen. · Normally air hides the spine above the diaphragm — seeing it there (the spine sign) means fluid. · In trauma, a haemothorax looks the same; clot can be grey.","Gillman L, Ball C, Panebianco N, Al-Kadi A, Kirkpatrick A. “Clinician performed resuscitative ultrasonography for the initial evaluation and resuscitation of trauma”, Scandinavian Journal of Trauma, Resuscitation and Emergency Medicine 17:34 (2009), https://doi.org/10.1186/1757-7241-17-34 — supplementary video S2 (“Pleural Fluid”), via Wikimedia Commons https://commons.wikimedia.org/wiki/File:Clinician-performed-resuscitative-ultrasonography-for-the-initial-evaluation-and-resuscitation-of-1757-7241-17-34-S2.ogv. CC BY 2.0","",""
"4 Real clinical media","pleural-fluid-gillman:quiz","Real media › pleuraleff","Large pleural effusion — question","Seeing the spine continue above the diaphragm means… Answer: Fluid in the pleural space. Explanation: Aerated lung scatters the beam and hides the spine. Fluid transmits sound, so the spine shows through it.","Gillman L, Ball C, Panebianco N, Al-Kadi A, Kirkpatrick A. “Clinician performed resuscitative ultrasonography for the initial evaluation and resuscitation of trauma”, Scandinavian Journal of Trauma, Resuscitation and Emergency Medicine 17:34 (2009), https://doi.org/10.1186/1757-7241-17-34 — supplementary video S2 (“Pleural Fluid”), via Wikimedia Commons https://commons.wikimedia.org/wiki/File:Clinician-performed-resuscitative-ultrasonography-for-the-initial-evaluation-and-resuscitation-of-1757-7241-17-34-S2.ogv. CC BY 2.0","",""
"4 Real clinical media","tamponade-ginghina:caption","Real media › tamponade","Cardiac tamponade — right-heart collapse — caption","Apical four-chamber echo in a patient with cardiac tamponade, as published: the free walls of the right atrium and right ventricle collapse intermittently. The clip is one short loop — watch it repeat. (No overlays: the loop is small and we have not guessed chamber positions.)","Ginghina C, Beladan C, Iancu M, Calin A, Popescu B. “Respiratory maneuvers in echocardiography: a review of clinical applications”, Cardiovascular Ultrasound 7:42 (2009), https://doi.org/10.1186/1476-7120-7-42 — supplementary video 11, via Wikimedia Commons https://commons.wikimedia.org/wiki/File:Respiratory-maneuvers-in-echocardiography-a-review-of-clinical-applications-1476-7120-7-42-S11.ogv. CC BY 2.0","",""
"4 Real clinical media","tamponade-ginghina:look","Real media › tamponade","Cardiac tamponade — right-heart collapse — look for","Black pericardial fluid around the heart · Right atrium and ventricle on the screen left · Their free walls buckling inward · The pattern repeating with every beat","Ginghina C, Beladan C, Iancu M, Calin A, Popescu B. “Respiratory maneuvers in echocardiography: a review of clinical applications”, Cardiovascular Ultrasound 7:42 (2009), https://doi.org/10.1186/1476-7120-7-42 — supplementary video 11, via Wikimedia Commons https://commons.wikimedia.org/wiki/File:Respiratory-maneuvers-in-echocardiography-a-review-of-clinical-applications-1476-7120-7-42-S11.ogv. CC BY 2.0","",""
"4 Real clinical media","tamponade-ginghina:teach","Real media › tamponade","Cardiac tamponade — right-heart collapse — teaching points","Tamponade is a clinical diagnosis supported by echo: hypotension, raised JVP and pulsus paradoxus with an effusion. · Right-atrial collapse in systole and right-ventricular collapse in diastole show the pericardial pressure exceeds right-heart pressure. · A plethoric IVC fits; treatment is drainage — fluids only buy time.","Ginghina C, Beladan C, Iancu M, Calin A, Popescu B. “Respiratory maneuvers in echocardiography: a review of clinical applications”, Cardiovascular Ultrasound 7:42 (2009), https://doi.org/10.1186/1476-7120-7-42 — supplementary video 11, via Wikimedia Commons https://commons.wikimedia.org/wiki/File:Respiratory-maneuvers-in-echocardiography-a-review-of-clinical-applications-1476-7120-7-42-S11.ogv. CC BY 2.0","",""
"4 Real clinical media","tamponade-ginghina:quiz","Real media › tamponade","Cardiac tamponade — right-heart collapse — question","Which echo sign shows the effusion is compressing the heart? Answer: Diastolic collapse of the right-heart free walls. Explanation: Right-heart chambers have the lowest pressure, so they collapse first when pericardial pressure rises. In tamponade the IVC is wide, not small.","Ginghina C, Beladan C, Iancu M, Calin A, Popescu B. “Respiratory maneuvers in echocardiography: a review of clinical applications”, Cardiovascular Ultrasound 7:42 (2009), https://doi.org/10.1186/1476-7120-7-42 — supplementary video 11, via Wikimedia Commons https://commons.wikimedia.org/wiki/File:Respiratory-maneuvers-in-echocardiography-a-review-of-clinical-applications-1476-7120-7-42-S11.ogv. CC BY 2.0","",""
"4 Real clinical media","ptx-series-bonilla:caption","Real media › ptxseries","Pneumothorax — before and after a chest tube — caption","Three rows from one patient (the “L” marker is on the image right, so the pneumothorax on the image left is the right lung). A: first episode — arrows on the lung edge — then the lung re-expanded with a pigtail catheter. B: recurrence and re-expansion. C: two weeks after the tubes came out.","Alex Bonilla, Alexander J. Blair, Suliman M. Alamro, Rebecca A. Ward, Michael B. Feldman, Richard A. Dutko, Theodora K. Karagounis, Adam L. Johnson, Erik E. Folch & Jatin M. Vyas. Bonilla A et al., Journal of Medical Case Reports 13 (2019), https://doi.org/10.1186/s13256-019-2215-4 — figure, via Wikimedia Commons https://commons.wikimedia.org/wiki/File:Chest_X-ray_of_pneumothorax.png. CC BY 4.0","",""
"4 Real clinical media","ptx-series-bonilla:look","Real media › ptxseries","Pneumothorax — before and after a chest tube — look for","The arrowed lung edge on the first film · Lung re-expanding with the pigtail in place · The tube tip in the pleural space · The final film with markings to the edge","Alex Bonilla, Alexander J. Blair, Suliman M. Alamro, Rebecca A. Ward, Michael B. Feldman, Richard A. Dutko, Theodora K. Karagounis, Adam L. Johnson, Erik E. Folch & Jatin M. Vyas. Bonilla A et al., Journal of Medical Case Reports 13 (2019), https://doi.org/10.1186/s13256-019-2215-4 — figure, via Wikimedia Commons https://commons.wikimedia.org/wiki/File:Chest_X-ray_of_pneumothorax.png. CC BY 4.0","",""
"4 Real clinical media","ptx-series-bonilla:teach","Real media › ptxseries","Pneumothorax — before and after a chest tube — teaching points","A small-bore pigtail catheter is enough for most spontaneous pneumothoraces. · Re-expansion is judged by lung markings returning to the chest wall. · Recurrence is common; surgery or pleurodesis is considered after a second episode.","Alex Bonilla, Alexander J. Blair, Suliman M. Alamro, Rebecca A. Ward, Michael B. Feldman, Richard A. Dutko, Theodora K. Karagounis, Adam L. Johnson, Erik E. Folch & Jatin M. Vyas. Bonilla A et al., Journal of Medical Case Reports 13 (2019), https://doi.org/10.1186/s13256-019-2215-4 — figure, via Wikimedia Commons https://commons.wikimedia.org/wiki/File:Chest_X-ray_of_pneumothorax.png. CC BY 4.0","",""
"4 Real clinical media","ptx-series-bonilla:quiz","Real media › ptxseries","Pneumothorax — before and after a chest tube — question","How do you know the lung has re-expanded? Answer: Lung markings reach the chest wall again. Explanation: The pneumothorax is the markingless space between lung edge and chest wall; when markings reach the wall again, the lung is up.","Alex Bonilla, Alexander J. Blair, Suliman M. Alamro, Rebecca A. Ward, Michael B. Feldman, Richard A. Dutko, Theodora K. Karagounis, Adam L. Johnson, Erik E. Folch & Jatin M. Vyas. Bonilla A et al., Journal of Medical Case Reports 13 (2019), https://doi.org/10.1186/s13256-019-2215-4 — figure, via Wikimedia Commons https://commons.wikimedia.org/wiki/File:Chest_X-ray_of_pneumothorax.png. CC BY 4.0","",""
"4 Real clinical media","ptx-series-bonilla:marks","Real media › ptxseries","Pneumothorax — before and after a chest tube — overlay labels (check placement in the app)","landmark: Initial film · landmark: With pigtail drain · landmark: Recurrence · landmark: With drain · landmark: Two weeks later · pathology: Lung edge · pathology: Lung edge · pathology: Lung edge · pathology: Lung edge","Alex Bonilla, Alexander J. Blair, Suliman M. Alamro, Rebecca A. Ward, Michael B. Feldman, Richard A. Dutko, Theodora K. Karagounis, Adam L. Johnson, Erik E. Folch & Jatin M. Vyas. Bonilla A et al., Journal of Medical Case Reports 13 (2019), https://doi.org/10.1186/s13256-019-2215-4 — figure, via Wikimedia Commons https://commons.wikimedia.org/wiki/File:Chest_X-ray_of_pneumothorax.png. CC BY 4.0","",""
"4 Real clinical media","lus-sliding-gillman2012:caption","Real media › ptxlus","Normal lung sliding — caption","Linear-probe scan at the right lung apex (the authors’ on-screen note reads “R apex batwing sign”). The bright pleural line runs across the middle of the screen and shimmers back and forth with each breath — normal lung sliding.","Gillman L, Kirkpatrick A. “Portable bedside ultrasound: the visual stethoscope of the 21st century”, Scandinavian Journal of Trauma, Resuscitation and Emergency Medicine 20:18 (2012), https://doi.org/10.1186/1757-7241-20-18 — supplementary video S1 (“Normal Lung Sliding”), via Wikimedia Commons https://commons.wikimedia.org/wiki/File:Portable-bedside-ultrasound-the-visual-stethoscope-of-the-21st-century-1757-7241-20-18-S1.ogv. CC BY 2.0","",""
"4 Real clinical media","lus-sliding-gillman2012:look","Real media › ptxlus","Normal lung sliding — look for","Two rib shadows — the “bat sign” · The pleural line just below the ribs · Shimmering movement along the pleural line · A-lines below it in aerated lung","Gillman L, Kirkpatrick A. “Portable bedside ultrasound: the visual stethoscope of the 21st century”, Scandinavian Journal of Trauma, Resuscitation and Emergency Medicine 20:18 (2012), https://doi.org/10.1186/1757-7241-20-18 — supplementary video S1 (“Normal Lung Sliding”), via Wikimedia Commons https://commons.wikimedia.org/wiki/File:Portable-bedside-ultrasound-the-visual-stethoscope-of-the-21st-century-1757-7241-20-18-S1.ogv. CC BY 2.0","",""
"4 Real clinical media","lus-sliding-gillman2012:teach","Real media › ptxlus","Normal lung sliding — teaching points","Sliding means the two pleural layers are touching at that spot — a pneumothorax is ruled out under the probe. · Check the front of the chest first when supine: that is where pleural air rises. · Sliding can be absent without a pneumothorax (apnoea, mainstem intubation, pleurodesis, adhesions).","Gillman L, Kirkpatrick A. “Portable bedside ultrasound: the visual stethoscope of the 21st century”, Scandinavian Journal of Trauma, Resuscitation and Emergency Medicine 20:18 (2012), https://doi.org/10.1186/1757-7241-20-18 — supplementary video S1 (“Normal Lung Sliding”), via Wikimedia Commons https://commons.wikimedia.org/wiki/File:Portable-bedside-ultrasound-the-visual-stethoscope-of-the-21st-century-1757-7241-20-18-S1.ogv. CC BY 2.0","",""
"4 Real clinical media","lus-sliding-gillman2012:quiz","Real media › ptxlus","Normal lung sliding — question","What does visible lung sliding under the probe tell you? Answer: No pneumothorax at this spot. Explanation: Sliding needs the visceral pleura to move against the parietal pleura, so they must be in contact there. It says nothing about effusions elsewhere or about ventilation being adequate.","Gillman L, Kirkpatrick A. “Portable bedside ultrasound: the visual stethoscope of the 21st century”, Scandinavian Journal of Trauma, Resuscitation and Emergency Medicine 20:18 (2012), https://doi.org/10.1186/1757-7241-20-18 — supplementary video S1 (“Normal Lung Sliding”), via Wikimedia Commons https://commons.wikimedia.org/wiki/File:Portable-bedside-ultrasound-the-visual-stethoscope-of-the-21st-century-1757-7241-20-18-S1.ogv. CC BY 2.0","",""
"4 Real clinical media","lus-sliding-gillman2012:marks","Real media › ptxlus","Normal lung sliding — overlay labels (check placement in the app)","landmark: Chest wall · landmark: Pleural line — watch it shimmer","Gillman L, Kirkpatrick A. “Portable bedside ultrasound: the visual stethoscope of the 21st century”, Scandinavian Journal of Trauma, Resuscitation and Emergency Medicine 20:18 (2012), https://doi.org/10.1186/1757-7241-20-18 — supplementary video S1 (“Normal Lung Sliding”), via Wikimedia Commons https://commons.wikimedia.org/wiki/File:Portable-bedside-ultrasound-the-visual-stethoscope-of-the-21st-century-1757-7241-20-18-S1.ogv. CC BY 2.0","",""
"5 Label descriptions","label:AAA — abdominal aortic aneurysm","3D labels › abdomen","AAA — abdominal aortic aneurysm","Abdominal aortic aneurysm — the aorta wider than 3 cm. Rupture risk rises sharply with size.","","",""
"5 Label descriptions","label:ACoA","3D labels › neuro","ACoA","Anterior communicating artery — joins the two anterior cerebral arteries; the commonest site of berry aneurysms.","","",""
"5 Label descriptions","label:Aerated alveolus","3D labels › vent","Aerated alveolus","An open, ventilated air sac taking part in gas exchange.","","",""
"5 Label descriptions","label:Afferent arteriole (blood in)","3D labels › labs","Afferent arteriole (blood in)","Brings blood into the glomerulus; it constricts or dilates to hold filtration steady.","","",""
"5 Label descriptions","label:Alveolar duct","3D labels › vent, abg","Alveolar duct","Small airway leading into a cluster of alveoli.","","",""
"5 Label descriptions","label:Alveolar gas","3D labels › vent","Alveolar gas","The gas in the air sacs, where oxygen and carbon dioxide exchange with capillary blood.","","",""
"5 Label descriptions","label:Anterior tibial → dorsalis pedis","3D labels › lines","Anterior tibial → dorsalis pedis","Runs down the front of the leg to the top of the foot, where the dorsalis pedis pulse is felt.","","",""
"5 Label descriptions","label:Aorta","3D labels › lines, heart, abdomen","Aorta","The main artery leaving the left ventricle. Arterial lines and blood pressure measure the pressure in its branches.","","",""
"5 Label descriptions","label:Aquaporin","3D labels › labs","Aquaporin","Aquaporin-4 water channel. Lets water cross in seconds. Water always moves toward the side with more dissolved particles.","","",""
"5 Label descriptions","label:Arterial cannula","3D labels › lines","Arterial cannula","A 20-gauge cannula in the radial artery. Its trace is only as good as its patency, flush and zeroing.","","",""
"5 Label descriptions","label:Arterial end","3D labels › labs","Arterial end","Blood enters the capillary oxygen-rich at arterial pressure.","","",""
"5 Label descriptions","label:Arteriole — an ABG samples this blood","3D labels › abg","Arteriole — an ABG samples this blood","Arterial blood: an arterial blood gas measures the oxygen, CO₂ and acid–base status delivered to the tissues.","","",""
"5 Label descriptions","label:Arteriole (from RV)","3D labels › vent","Arteriole (from RV)","Pulmonary arteriole bringing deoxygenated blood from the right ventricle to the capillaries.","","",""
"5 Label descriptions","label:ASD — atrial septal defect","3D labels › heart","ASD — atrial septal defect","Atrial septal defect — a hole between the atria. Usually a left-to-right shunt that loads the right heart.","","",""
"5 Label descriptions","label:Axon","3D labels › labs","Axon","Carries the nerve impulse away from the cell body.","","",""
"5 Label descriptions","label:Axon hillock","3D labels › labs","Axon hillock","Where the axon leaves the cell body; signals are summed here.","","",""
"5 Label descriptions","label:Basement membrane","3D labels › vent","Basement membrane","Shared support layer between the alveolar and capillary cells.","","",""
"5 Label descriptions","label:Basilar","3D labels › neuro","Basilar","Basilar artery — formed by the two vertebral arteries; it supplies the brainstem and back of the brain.","","",""
"5 Label descriptions","label:Basilic vein","3D labels › lines","Basilic vein","Superficial vein on the inner side of the arm; a common PICC route.","","",""
"5 Label descriptions","label:Bile canaliculus","3D labels › labs","Bile canaliculus","Tiny channel between liver cells carrying bile toward the bile ducts.","","",""
"5 Label descriptions","label:Bladder","3D labels › abdomen","Bladder","In the pelvis. A full bladder is a good window for seeing pelvic free fluid on ultrasound.","","",""
"5 Label descriptions","label:Blood around the cells","3D labels › labs","Blood around the cells","Capillary blood bringing oxygen and carrying released markers away.","","",""
"5 Label descriptions","label:Blood escaping","3D labels › labs","Blood escaping","Bleeding continues until the plug and fibrin seal the vessel.","","",""
"5 Label descriptions","label:Bone marrow","3D labels › labs","Bone marrow","Makes red cells, white cells and platelets; counts fall when it is suppressed or replaced.","","",""
"5 Label descriptions","label:Bowman’s capsule","3D labels › labs","Bowman’s capsule","The cup around the glomerulus that collects the filtrate.","","",""
"5 Label descriptions","label:Brachial artery","3D labels › lines","Brachial artery","Main arm artery at the elbow crease; used for manual blood-pressure measurement.","","",""
"5 Label descriptions","label:Brachial vein","3D labels › lines","Brachial vein","Deep vein paired with the brachial artery.","","",""
"5 Label descriptions","label:Brain","3D labels › labs","Brain","Uses about a fifth of the body’s oxygen and has no fuel stores, so it depends on steady flow and glucose.","","",""
"5 Label descriptions","label:Branch to a neighbouring cell","3D labels › labs","Branch to a neighbouring cell","Junction to a neighbouring cell.","","",""
"5 Label descriptions","label:Ca²⁺ channel","3D labels › labs","Ca²⁺ channel","L-type Ca²⁺ channel. Opens during each beat; the Ca²⁺ that enters triggers contraction.","","",""
"5 Label descriptions","label:Capillary: RBCs load O₂ in the first third of their transit","3D labels › abg","Capillary: RBCs load O₂ in the first third of their transit","Red cells normally finish loading oxygen early in the capillary, leaving reserve time for exercise or thickened membranes.","","",""
"5 Label descriptions","label:Cardiac muscle cells","3D labels › labs","Cardiac muscle cells","Heart muscle cells, joined end to end so the beat spreads as one.","","",""
"5 Label descriptions","label:Celiac trunk / SMA","3D labels › lines","Celiac trunk / SMA","The first two gut branches of the abdominal aorta: celiac (stomach, liver, spleen) and superior mesenteric (small bowel, right colon).","","",""
"5 Label descriptions","label:Cell membrane","3D labels › labs","Cell membrane","A lipid bilayer that keeps ions apart; channels and pumps in it control what crosses.","","",""
"5 Label descriptions","label:Central line (right IJ)","3D labels › lines","Central line (right IJ)","Central venous catheter in the right internal jugular vein, transduced to give the CVP trace on the monitor.","","",""
"5 Label descriptions","label:Central line enters here","3D labels › lines","Central line enters here","Puncture site for the right internal jugular approach: the straightest route to the SVC and right atrium.","","",""
"5 Label descriptions","label:Centrioles","3D labels › labs","Centrioles","Organises the spindle that separates chromosomes when the cell divides.","","",""
"5 Label descriptions","label:Cephalic vein","3D labels › lines","Cephalic vein","Superficial vein on the outer (thumb) side of the arm.","","",""
"5 Label descriptions","label:Cholesterol","3D labels › labs","Cholesterol","Sits among the lipids and stiffens the membrane.","","",""
"5 Label descriptions","label:Clot at the catheter tip","3D labels › lines","Clot at the catheter tip","Clot at the cannula tip damps the trace: systolic falls, diastolic rises, and the dicrotic notch disappears. Aspirate and flush.","","",""
"5 Label descriptions","label:Collapsed","3D labels › vent","Collapsed","Alveolus with no air (atelectasis): blood flowing past it is not oxygenated — shunt.","","",""
"5 Label descriptions","label:Colon","3D labels › abdomen","Colon","Large bowel framing the abdomen; it can perforate or lose its blood supply.","","",""
"5 Label descriptions","label:Common carotid artery","3D labels › lines","Common carotid artery","Main artery of the neck, medial and deep to the internal jugular vein; pulsatile and not compressible.","","",""
"5 Label descriptions","label:Common iliac artery","3D labels › lines","Common iliac artery","One of the two branches the aorta splits into at the level of the umbilicus.","","",""
"5 Label descriptions","label:Core and penumbra","3D labels › neuro","Core and penumbra","Core: tissue already dead. Penumbra: tissue that is failing but salvageable if blood flow returns soon.","","",""
"5 Label descriptions","label:CVC tip at the cavo-atrial junction","3D labels › lines","CVC tip at the cavo-atrial junction","Central line tip at the cavo-atrial junction (lower SVC). Here it reads true central venous pressure and is safe for vasopressors.","","",""
"5 Label descriptions","label:CVC tip in the right ventricle","3D labels › lines","CVC tip in the right ventricle","The catheter has gone too far — into the right ventricle. Expect ectopics and a ventricular-shaped pressure trace; pull it back to the cavo-atrial junction.","","",""
"5 Label descriptions","label:Cytosol","3D labels › labs","Cytosol","The fluid inside the cell: high potassium, low sodium and calcium.","","",""
"5 Label descriptions","label:Deep femoral (profunda) artery","3D labels › lines","Deep femoral (profunda) artery","Deep branch of the femoral artery supplying the thigh.","","",""
"5 Label descriptions","label:Dendrite","3D labels › labs","Dendrite","Receives signals from other nerve cells.","","",""
"5 Label descriptions","label:Dendrites","3D labels › labs","Dendrites","Branches that receive signals from other nerve cells.","","",""
"5 Label descriptions","label:Dendritic spines (synapses land here)","3D labels › labs","Dendritic spines (synapses land here)","Small knobs on dendrites where synapses land.","","",""
"5 Label descriptions","label:Dependent lung","3D labels › vent","Dependent lung","The lowest lung regions (the back, when supine), where oedema and collapse concentrate under gravity.","","",""
"5 Label descriptions","label:Diaphragm","3D labels › abdomen","Diaphragm","Dome-shaped muscle separating chest from abdomen; fluid is looked for just above and below it on ultrasound.","","",""
"5 Label descriptions","label:Efferent arteriole (blood out)","3D labels › labs","Efferent arteriole (blood out)","Carries blood out of the glomerulus; its tone helps set filtration pressure.","","",""
"5 Label descriptions","label:Endothelium (vessel wall)","3D labels › labs, vent","Endothelium (vessel wall)","The single cell layer lining blood vessels; it controls leak, tone and clotting.","","",""
"5 Label descriptions","label:External carotid → superficial temporal","3D labels › lines","External carotid → superficial temporal","Supplies the face and scalp; its terminal branch, the superficial temporal, is felt in front of the ear.","","",""
"5 Label descriptions","label:External iliac artery","3D labels › lines","External iliac artery","Continues from the common iliac into the leg as the femoral artery.","","",""
"5 Label descriptions","label:External jugular vein","3D labels › lines","External jugular vein","Superficial neck vein crossing the sternocleidomastoid; its filling is a rough bedside sign of venous pressure.","","",""
"5 Label descriptions","label:Extracellular fluid","3D labels › labs","Extracellular fluid","The fluid outside cells (plasma and interstitial fluid): high sodium and chloride, low potassium.","","",""
"5 Label descriptions","label:Facial artery","3D labels › lines","Facial artery","Branch of the external carotid crossing the jaw in front of the masseter.","","",""
"5 Label descriptions","label:Facial vein","3D labels › lines","Facial vein","Drains the face into the internal jugular vein.","","",""
"5 Label descriptions","label:Fatty-acid tails · oily core","3D labels › labs","Fatty-acid tails · oily core","The oily middle of the bilayer that ions cannot cross without a channel or pump.","","",""
"5 Label descriptions","label:Femoral → popliteal vein","3D labels › lines","Femoral → popliteal vein","The deep vein of the thigh, continuing behind the knee as the popliteal vein; a common site for DVT.","","",""
"5 Label descriptions","label:Femoral artery","3D labels › lines","Femoral artery","Main leg artery in the groin; an alternative arterial-line site and a pulse to feel in shock.","","",""
"5 Label descriptions","label:Femoral vein","3D labels › lines","Femoral vein","Large vein in the groin, medial to the femoral artery; a quick central-access site in emergencies.","","",""
"5 Label descriptions","label:Fibrin mesh","3D labels › labs","Fibrin mesh","Fibrin strands from the clotting cascade bind the plug into a firm clot.","","",""
"5 Label descriptions","label:Flooded","3D labels › vent","Flooded","Alveolus filled with fluid (oedema or pus): no gas exchange, a shunt that extra oxygen barely helps.","","",""
"5 Label descriptions","label:Free air","3D labels › abdomen","Free air","Gas outside the bowel, under the diaphragm — a sign of perforation needing surgery.","","",""
"5 Label descriptions","label:Free ribosomes","3D labels › labs","Free ribosomes","Free ribosomes make proteins that stay inside the cell.","","",""
"5 Label descriptions","label:Glomerulus (capillary loops)","3D labels › labs","Glomerulus (capillary loops)","A knot of capillaries where plasma is filtered into the tubule.","","",""
"5 Label descriptions","label:Glycocalyx","3D labels › labs","Glycocalyx","A sugar coat on the outer surface; in vessels it helps keep fluid inside the circulation.","","",""
"5 Label descriptions","label:Glycogen granules","3D labels › labs","Glycogen granules","Stored glucose, released when the cell needs fuel quickly.","","",""
"5 Label descriptions","label:Golgi apparatus","3D labels › labs","Golgi apparatus","Sorts, finishes and ships proteins made in the ER.","","",""
"5 Label descriptions","label:Great saphenous vein","3D labels › lines","Great saphenous vein","Long superficial vein on the inner leg, from the ankle to the groin.","","",""
"5 Label descriptions","label:Heart","3D labels › labs","Heart","Injured heart muscle releases troponin; a stretched heart releases natriuretic peptides.","","",""
"5 Label descriptions","label:Hepatocytes (liver cells)","3D labels › labs","Hepatocytes (liver cells)","Liver cells that make proteins and clotting factors, process drugs and store glycogen.","","",""
"5 Label descriptions","label:Iliac veins","3D labels › lines","Iliac veins","Drain the legs and pelvis into the inferior vena cava.","","",""
"5 Label descriptions","label:Inferior vena cava","3D labels › lines","Inferior vena cava","Drains the legs and abdomen into the right atrium. On ultrasound its size and change with breathing reflect right-atrial pressure.","","",""
"5 Label descriptions","label:Initial segment (spike starts here)","3D labels › labs","Initial segment (spike starts here)","Axon initial segment — packed with sodium channels; the action potential starts here.","","",""
"5 Label descriptions","label:Injured cells leak AST/ALT","3D labels › labs","Injured cells leak AST/ALT","Damaged liver cells release their enzymes (AST, ALT) into the blood.","","",""
"5 Label descriptions","label:Inner leaflet (PE, PS⁻)","3D labels › labs","Inner leaflet (PE, PS⁻)","The inner lipid layer, rich in negatively charged phosphatidylserine.","","",""
"5 Label descriptions","label:Intercalated disc → next heart cell","3D labels › labs","Intercalated disc → next heart cell","Intercalated disc — junctions that link heart cells mechanically and electrically.","","",""
"5 Label descriptions","label:Internal carotid artery","3D labels › lines","Internal carotid artery","Branch of the common carotid that supplies most of the brain hemisphere.","","",""
"5 Label descriptions","label:Internal iliac artery","3D labels › lines","Internal iliac artery","Supplies the pelvic organs; a source of bleeding in pelvic fractures.","","",""
"5 Label descriptions","label:Internal jugular vein","3D labels › lines","Internal jugular vein","Drains the brain and face; lies beside the carotid artery and collapses with probe pressure.","","",""
"5 Label descriptions","label:Interstitium","3D labels › vent","Interstitium","Space between alveolus and capillary. It swells with fluid in oedema and thickens in fibrosis, slowing gas diffusion.","","",""
"5 Label descriptions","label:IVC","3D labels › abdomen","IVC","Inferior vena cava — carries blood from the lower body to the right atrium, just right of the aorta.","","",""
"5 Label descriptions","label:K⁺ channel","3D labels › labs","K⁺ channel","K⁺ leak channel (Kir2.1). Open at rest. K⁺ leaks out down its gradient and takes positive charge with it — this sets the resting potential.","","",""
"5 Label descriptions","label:Kidney","3D labels › labs","Kidney","Filters about 180 L of plasma a day; creatinine and urea rise when filtration falls.","","",""
"5 Label descriptions","label:L kidney","3D labels › abdomen","L kidney","Left kidney — retroperitoneal, behind the spleen and bowel.","","",""
"5 Label descriptions","label:LA","3D labels › heart","LA","Left atrium — receives oxygenated blood from the four pulmonary veins and fills the left ventricle through the mitral valve.","","",""
"5 Label descriptions","label:Left ventricle","3D labels › lines","Left ventricle","Thick-walled pump that generates systemic pressure and pushes blood into the aorta.","","",""
"5 Label descriptions","label:Lining fluid","3D labels › vent","Lining fluid","Thin liquid layer on the alveolar surface. It thickens and floods in pulmonary oedema.","","",""
"5 Label descriptions","label:Lipofuscin (aging pigment)","3D labels › labs","Lipofuscin (aging pigment)","Brownish wear-and-tear pigment that builds up in long-lived cells.","","",""
"5 Label descriptions","label:Liver","3D labels › abdomen, labs","Liver","Largest solid organ, under the right ribs. Makes clotting factors and albumin, clears lactate and drugs; a common source of bleeding in blunt trauma.","","",""
"5 Label descriptions","label:Low V/Q","3D labels › vent","Low V/Q","Alveolus that gets less air than blood. Oxygen falls but improves with supplemental oxygen.","","",""
"5 Label descriptions","label:LV","3D labels › heart","LV","Left ventricle — the high-pressure pump for the whole body; its wall is about three times thicker than the right ventricle’s.","","",""
"5 Label descriptions","label:Lymphocyte","3D labels › labs","Lymphocyte","White cell of the adaptive immune system (T and B cells).","","",""
"5 Label descriptions","label:Lysosome","3D labels › labs","Lysosome","Lysosome — breaks down worn-out parts and engulfed material.","","",""
"5 Label descriptions","label:Median cubital vein","3D labels › lines","Median cubital vein","Links cephalic and basilic veins at the elbow — the usual venepuncture site.","","",""
"5 Label descriptions","label:Microtubules (cytoskeleton)","3D labels › labs","Microtubules (cytoskeleton)","Microtubules — internal scaffolding and tracks for moving cargo.","","",""
"5 Label descriptions","label:Mitochondria (~30 % of the cell)","3D labels › labs","Mitochondria (~30 % of the cell)","Mitochondria make ATP using oxygen. Heart cells are packed with them because they never rest.","","",""
"5 Label descriptions","label:Mitochondria (make ATP)","3D labels › labs","Mitochondria (make ATP)","Make ATP from oxygen and fuel; without oxygen the cell falls back on inefficient glycolysis and makes lactate.","","",""
"5 Label descriptions","label:Morison’s pouch","3D labels › abdomen","Morison’s pouch","The space between liver and right kidney — the lowest upper-abdominal space when supine, so free fluid collects here first.","","",""
"5 Label descriptions","label:Mucus plug","3D labels › vent","Mucus plug","Mucus blocking a bronchus: the lung beyond it collapses and shunts blood, so oxygen falls.","","",""
"5 Label descriptions","label:Myelin sheath (glial cell)","3D labels › labs","Myelin sheath (glial cell)","Insulating wrap from glial cells that speeds conduction.","","",""
"5 Label descriptions","label:Myofibrils (sarcomeres)","3D labels › labs","Myofibrils (sarcomeres)","Bundles of sarcomeres — the contractile machinery of a muscle cell.","","",""
"5 Label descriptions","label:Na⁺ channel","3D labels › labs","Na⁺ channel","Voltage-gated Na⁺ channel (Nav1.5). Opens at threshold to fire the cell. If the resting potential drifts up, its inactivation gate shuts and stays shut.","","",""
"5 Label descriptions","label:Na⁺/K⁺ pump","3D labels › labs","Na⁺/K⁺ pump","Na⁺/K⁺-ATPase (sodium–potassium pump). Uses one ATP to push 3 Na⁺ out and bring 2 K⁺ in. Sped up by insulin and β₂-agonists; needs Mg²⁺.","","",""
"5 Label descriptions","label:Na⁺/K⁺ pumps (in the membrane)","3D labels › labs","Na⁺/K⁺ pumps (in the membrane)","Use ATP to keep sodium out and potassium in, maintaining the resting potential and cell volume.","","",""
"5 Label descriptions","label:Neurofilaments & microtubules","3D labels › labs","Neurofilaments & microtubules","Neurofilaments and microtubules — the axon’s skeleton and transport tracks.","","",""
"5 Label descriptions","label:Neuron cell body","3D labels › labs","Neuron cell body","The part of a nerve cell containing the nucleus.","","",""
"5 Label descriptions","label:Neutrophil (white cell)","3D labels › labs","Neutrophil (white cell)","The commonest white cell; first to arrive at infection and injury.","","",""
"5 Label descriptions","label:Nissl bodies (rough ER)","3D labels › labs","Nissl bodies (rough ER)","Nissl bodies — stacks of rough ER that make a neuron’s proteins.","","",""
"5 Label descriptions","label:Node of Ranvier","3D labels › labs","Node of Ranvier","Node of Ranvier — a gap in the myelin where the impulse is regenerated.","","",""
"5 Label descriptions","label:Nuclear envelope & pores","3D labels › labs","Nuclear envelope & pores","Double membrane around the nucleus; its pores let RNA and proteins in and out.","","",""
"5 Label descriptions","label:Nucleolus","3D labels › labs","Nucleolus","Inside the nucleus; builds ribosomes.","","",""
"5 Label descriptions","label:Nucleus","3D labels › labs","Nucleus","Holds the cell’s DNA and controls which proteins are made.","","",""
"5 Label descriptions","label:O₂ leaving for the tissue","3D labels › labs","O₂ leaving for the tissue","Oxygen unloads from haemoglobin where tissue oxygen levels are low.","","",""
"5 Label descriptions","label:Osmolyte channel","3D labels › labs","Osmolyte channel","Osmolyte channel (VRAC). Over ~48 h brain cells shed (or rebuild) organic osmolytes so their volume returns to normal.","","",""
"5 Label descriptions","label:Outside the cell","3D labels › labs","Outside the cell","Extracellular fluid — high in sodium and chloride, low in potassium.","","",""
"5 Label descriptions","label:Pancreas","3D labels › abdomen, labs","Pancreas","Lies behind the stomach across the spine. Inflamed in pancreatitis, it can leak fluid into the retroperitoneum.","","",""
"5 Label descriptions","label:PDA — patent ductus arteriosus","3D labels › heart","PDA — patent ductus arteriosus","Patent ductus arteriosus — the fetal channel between the pulmonary artery and aorta that normally closes after birth.","","",""
"5 Label descriptions","label:Pelvic fluid","3D labels › abdomen","Pelvic fluid","Free fluid behind the bladder (or uterus) — the lowest part of the peritoneal cavity.","","",""
"5 Label descriptions","label:Peroxisome","3D labels › labs","Peroxisome","Peroxisome — breaks down fatty acids and toxic peroxides.","","",""
"5 Label descriptions","label:PFO — patent foramen ovale","3D labels › heart","PFO — patent foramen ovale","Patent foramen ovale — a flap-valve between the atria left over from fetal life. It opens right-to-left when right-atrial pressure exceeds left (e.g. high PEEP, PE).","","",""
"5 Label descriptions","label:Phlebostatic axis","3D labels › lines","Phlebostatic axis","Fourth intercostal space, mid-axillary line — the level of the right atrium. Transducers are levelled here.","","",""
"5 Label descriptions","label:Phospholipid heads","3D labels › labs","Phospholipid heads","Water-loving heads facing the fluid on each side of the membrane.","","",""
"5 Label descriptions","label:Plasma","3D labels › labs, vent","Plasma","The liquid part of blood, carrying dissolved gases, proteins, electrolytes and clotting factors.","","",""
"5 Label descriptions","label:Platelet","3D labels › labs","Platelet","Cell fragment that sticks to exposed collagen and starts a clot.","","",""
"5 Label descriptions","label:Platelet plug","3D labels › labs","Platelet plug","Platelets stacked at the injury — the first, temporary seal.","","",""
"5 Label descriptions","label:Pleural air","3D labels › vent","Pleural air","Air between the lung and chest wall (pneumothorax). Under tension it compresses the lung and kinks venous return.","","",""
"5 Label descriptions","label:Popliteal artery","3D labels › lines","Popliteal artery","Artery behind the knee, continuing from the femoral.","","",""
"5 Label descriptions","label:Portal vein","3D labels › lines","Portal vein","Carries blood from the gut and spleen to the liver; not a systemic vein.","","",""
"5 Label descriptions","label:Posterior tibial artery","3D labels › lines","Posterior tibial artery","Runs behind the inner ankle bone, where its pulse is felt.","","",""
"5 Label descriptions","label:Pressure bag","3D labels › lines","Pressure bag","Pressurised flush bag (about 300 mmHg) that keeps the line open with a slow continuous flush. Below about 250 mmHg blood can back up the line.","","",""
"5 Label descriptions","label:Pulmonary arteriole: mixed venous blood","3D labels › abg","Pulmonary arteriole: mixed venous blood","Blood returning from the whole body, low in oxygen and high in CO₂, arriving to be re-oxygenated.","","",""
"5 Label descriptions","label:Pulmonary artery","3D labels › lines, heart","Pulmonary artery","Carries deoxygenated blood from the right ventricle to the lungs. A pulmonary-artery catheter sits here.","","",""
"5 Label descriptions","label:Pulmonary veins","3D labels › heart","Pulmonary veins","Four veins that return oxygenated blood from the lungs to the left atrium.","","",""
"5 Label descriptions","label:Pulmonary venule: arterialised blood","3D labels › abg","Pulmonary venule: arterialised blood","Blood leaving the lung after gas exchange, now carrying oxygen at arterial levels.","","",""
"5 Label descriptions","label:R kidney","3D labels › abdomen","R kidney","Right kidney — retroperitoneal, so bleeding from it does not show on FAST.","","",""
"5 Label descriptions","label:RA","3D labels › heart","RA","Right atrium — receives venous blood from the body and passes it through the tricuspid valve to the right ventricle.","","",""
"5 Label descriptions","label:Radial arterial line","3D labels › lines","Radial arterial line","Cannula in the radial artery, transduced to give beat-to-beat blood pressure and easy blood sampling.","","",""
"5 Label descriptions","label:Radial artery","3D labels › lines","Radial artery","Wrist artery on the thumb side; the usual arterial-line and ABG site because the hand also has the ulnar supply.","","",""
"5 Label descriptions","label:Recruited","3D labels › vent","Recruited","An alveolus reopened by pressure (PEEP or a recruitment manoeuvre).","","",""
"5 Label descriptions","label:Red blood cell","3D labels › labs","Red blood cell","Carries oxygen bound to haemoglobin and gives some of it up in the tissues.","","",""
"5 Label descriptions","label:Red cell","3D labels › vent","Red cell","Red blood cell — carries oxygen bound to haemoglobin.","","",""
"5 Label descriptions","label:Renal artery & vein","3D labels › lines","Renal artery & vein","Supply and drainage of the kidney; the kidneys receive about a fifth of the cardiac output.","","",""
"5 Label descriptions","label:Renal vein: reclaimed / new HCO₃⁻","3D labels › abg","Renal vein: reclaimed / new HCO₃⁻","The kidney returns filtered bicarbonate and makes new bicarbonate, correcting metabolic acidosis over hours to days.","","",""
"5 Label descriptions","label:Retroperitoneal haematoma","3D labels › abdomen","Retroperitoneal haematoma","Blood behind the peritoneum (e.g. from the aorta, kidney or pelvis). FAST cannot see it; CT can.","","",""
"5 Label descriptions","label:Right atrium","3D labels › lines","Right atrium","Collects venous blood from the body (via the superior and inferior venae cavae) and the heart itself. Its pressure is the central venous pressure.","","",""
"5 Label descriptions","label:Right internal jugular vein","3D labels › lines","Right internal jugular vein","Large vein lateral to the carotid in the neck; the usual site for an ultrasound-guided central line.","","",""
"5 Label descriptions","label:Right ventricle","3D labels › lines","Right ventricle","Thin-walled pump that sends blood into the low-pressure lungs. It copes poorly with a sudden rise in pulmonary pressure (PE, high PEEP, ARDS).","","",""
"5 Label descriptions","label:Rough ER + ribosomes","3D labels › labs","Rough ER + ribosomes","Rough endoplasmic reticulum — studded with ribosomes that make proteins for membranes and export.","","",""
"5 Label descriptions","label:RV","3D labels › heart","RV","Right ventricle — pumps blood into the pulmonary artery and lungs; thin-walled and sensitive to afterload.","","",""
"5 Label descriptions","label:Sarcoplasmic reticulum","3D labels › labs","Sarcoplasmic reticulum","Sarcoplasmic reticulum — stores calcium and releases it to trigger each contraction.","","",""
"5 Label descriptions","label:Secretions narrow the tube","3D labels › vent","Secretions narrow the tube","Secretions inside the endotracheal tube raise airway resistance: peak pressure rises while plateau pressure stays the same.","","",""
"5 Label descriptions","label:Sinusoid (blood)","3D labels › labs","Sinusoid (blood)","Leaky liver capillary where blood bathes the hepatocytes.","","",""
"5 Label descriptions","label:Small bowel","3D labels › abdomen","Small bowel","About 6 m of bowel in the middle of the abdomen; obstruction or loss of blood supply (mesenteric ischaemia) makes it dilate and leak.","","",""
"5 Label descriptions","label:Small saphenous vein","3D labels › lines","Small saphenous vein","Superficial vein on the back of the calf, joining the popliteal vein.","","",""
"5 Label descriptions","label:Smooth ER","3D labels › labs","Smooth ER","Smooth endoplasmic reticulum — makes lipids and stores calcium.","","",""
"5 Label descriptions","label:Spleen","3D labels › abdomen","Spleen","Under the left ribs; blood-filled and the organ most often injured in blunt abdominal trauma.","","",""
"5 Label descriptions","label:Splenorenal","3D labels › abdomen","Splenorenal","The space between spleen and left kidney, the left-upper-quadrant FAST window.","","",""
"5 Label descriptions","label:Stomach","3D labels › abdomen","Stomach","Upper-left abdomen. Air in it is normal; air outside it (free air) means a perforation.","","",""
"5 Label descriptions","label:Stopcock open to air","3D labels › lines","Stopcock open to air","The transducer is open to atmosphere, so the monitor reads zero. Turn the stopcock back to the patient.","","",""
"5 Label descriptions","label:Striations (sarcomeres)","3D labels › labs","Striations (sarcomeres)","Repeating contractile units that give heart and skeletal muscle their striped look.","","",""
"5 Label descriptions","label:Subclavian → axillary artery","3D labels › lines","Subclavian → axillary artery","Supplies the arm; it lies just behind the subclavian vein.","","",""
"5 Label descriptions","label:Subclavian → axillary vein","3D labels › lines","Subclavian → axillary vein","Runs under the clavicle into the arm; an alternative central-line site with lower infection risk but a pneumothorax risk.","","",""
"5 Label descriptions","label:Superior vena cava","3D labels › lines","Superior vena cava","Drains the head, neck and arms into the right atrium. A central line’s tip belongs in its lower part, near the right atrium.","","",""
"5 Label descriptions","label:Surfactant","3D labels › vent","Surfactant","A film that lowers surface tension so small alveoli stay open. Deficient in premature lungs and damaged in ARDS.","","",""
"5 Label descriptions","label:SVC","3D labels › heart","SVC","Superior vena cava — drains the upper body into the right atrium; the target vessel for a central line tip.","","",""
"5 Label descriptions","label:T-tubules (at each Z line)","3D labels › labs","T-tubules (at each Z line)","T-tubules carry the electrical signal deep into the cell so all sarcomeres contract together.","","",""
"5 Label descriptions","label:Tear — collagen exposed","3D labels › labs","Tear — collagen exposed","A break in the vessel wall exposes collagen, which triggers platelets and clotting.","","",""
"5 Label descriptions","label:Thick RV wall","3D labels › heart","Thick RV wall","Right-ventricular hypertrophy — the RV wall thickens when it has to pump at high pressure (outflow obstruction, pulmonary hypertension, a large VSD).","","",""
"5 Label descriptions","label:Tibial veins","3D labels › lines","Tibial veins","Deep veins of the calf, paired with the tibial arteries.","","",""
"5 Label descriptions","label:Tissue (muscle) — uses the O₂","3D labels › labs","Tissue (muscle) — uses the O₂","Working tissue takes up oxygen; how much depends on its demand and the flow it receives.","","",""
"5 Label descriptions","label:Transducer level","3D labels › lines","Transducer level","Where the transducer sits relative to the phlebostatic axis. Every 10 cm below the axis adds about 7.4 mmHg to the reading; above, it subtracts.","","",""
"5 Label descriptions","label:Transport vesicles","3D labels › labs","Transport vesicles","Small membrane bubbles carrying proteins between compartments and to the surface.","","",""
"5 Label descriptions","label:Tricuspid valve","3D labels › lines","Tricuspid valve","Three-leaflet valve between the right atrium and right ventricle. If it leaks, the CVP waveform shows tall v waves.","","",""
"5 Label descriptions","label:Tubule — filtrate → urine","3D labels › labs","Tubule — filtrate → urine","Reabsorbs most of the filtrate — water, sodium, bicarbonate, glucose — and adjusts what stays as urine.","","",""
"5 Label descriptions","label:Type I cell","3D labels › vent","Type I cell","Very flat cell forming most of the alveolar wall — the thin barrier gas crosses.","","",""
"5 Label descriptions","label:Ulnar artery","3D labels › lines","Ulnar artery","Wrist artery on the little-finger side; the back-up supply to the hand when the radial artery is cannulated.","","",""
"5 Label descriptions","label:Urine: H⁺ excreted as NH₄⁺ / H₂PO₄⁻","3D labels › abg","Urine: H⁺ excreted as NH₄⁺ / H₂PO₄⁻","Acid leaves the body in urine bound to ammonia and phosphate buffers.","","",""
"5 Label descriptions","label:Venous end","3D labels › labs","Venous end","Blood leaves the capillary with less oxygen and more CO₂.","","",""
"5 Label descriptions","label:Ventilation: fresh gas in, CO₂ out","3D labels › abg","Ventilation: fresh gas in, CO₂ out","Breathing replaces alveolar gas: it brings oxygen in and washes carbon dioxide out. CO₂ removal depends on minute ventilation.","","",""
"5 Label descriptions","label:Venule — a VBG samples this blood","3D labels › abg","Venule — a VBG samples this blood","Venous blood: a venous gas tracks pH and CO₂ reasonably well but says little about oxygenation.","","",""
"5 Label descriptions","label:Venule (to LA)","3D labels › vent","Venule (to LA)","Pulmonary venule carrying oxygenated blood back toward the left atrium.","","",""
"5 Label descriptions","label:VSD — ventricular septal defect","3D labels › heart","VSD — ventricular septal defect","Ventricular septal defect — a hole in the septum between the ventricles. Flow normally runs left to right; it reverses if right-sided pressures exceed left.","","",""
